"Case","TimeS","Nodes","MeanDispMm","MaxDispMm","MeanWMm","MeanAbsWMm","MinWMm","MaxWMm","MeanVmKpa","MaxVmKpa","P95DispMm","P95AbsWMm"
"stage5_soft_interior","0","3032","3.93421133889435E-13","4.17827520000002E-13","-3.9341756302487E-13","3.9341756302487E-13","-4.17827520000002E-13","0","1.05459204356047E-11","2.6822575809971E-10","4.1782752E-13","4.1782752E-13"
"stage5_soft_interior","0.025","3032","0.0165447461169474","0.023669548687802","-0.0161011994654084","0.0161011994654084","-0.0223844543640346","0","0.0582462696005122","0.294832080106545","0.0216636226893053","0.0211193334498567"
"stage5_soft_interior","0.05","3032","0.0897970303864795","0.128869494451484","-0.0868028899696981","0.0868028899696981","-0.127175562049311","0","0.317417603725498","1.14946031411454","0.123948576058324","0.119544401572021"
"stage5_soft_interior","0.075","3032","0.185277715859661","0.272756011472233","-0.178665532101391","0.178665532101391","-0.272756006855094","0","0.66284692719834","2.17164395087221","0.261890831730174","0.252273025423268"
"stage5_soft_interior","0.1","3032","0.237104433318662","0.348026653716855","-0.228723931305824","0.228723931305824","-0.348026643915653","0","0.847706592242091","2.82112727377685","0.333476296802599","0.321892768993468"
"stage5_soft_interior","0.125","3032","0.247199107402658","0.357799587388109","-0.238752989518454","0.238752989518454","-0.35779958073459","0","0.878749013000008","3.06389702360752","0.344313303310038","0.332496229449673"
"stage5_soft_interior","0.15","3032","0.279807195334821","0.40264010081773","-0.270290917002032","0.270290917002032","-0.402640098438923","0","0.995996118289864","3.49916832500421","0.389282790625181","0.376032874410072"
"stage5_soft_interior","0.175","3032","0.365467446020142","0.532426823918593","-0.352809875688035","0.352809875688035","-0.532426813470515","0","1.30257757585843","4.46084763734102","0.510988845006461","0.493487081471164"
"stage5_soft_interior","0.2","3032","0.453757212074395","0.66351271174146","-0.437883706857875","0.437883706857875","-0.663512703386358","0","1.6188025603042","5.45432945187054","0.636252491358337","0.614436179859138"
"stage5_soft_interior","0.225","3032","0.488604031318433","0.710743156034171","-0.471563420102986","0.471563420102986","-0.710743138966921","0","1.74328992819367","5.90606772416076","0.684947568646889","0.660596676892564"
"stage5_soft_interior","0.25","3032","0.495925214139859","0.719366684043723","-0.478882310909958","0.478882310909958","-0.719366672399487","0","1.76624927861116","6.1198985683203","0.692320042454931","0.6683732808749"
"stage5_soft_interior","0.275","3032","0.547821083364697","0.794659635626737","-0.52908765751283","0.52908765751283","-0.794659625864629","0","1.94920192133129","6.78314070563717","0.763260262354805","0.737578564192887"
"stage5_soft_interior","0.3","3032","0.643561565433388","0.935873446882936","-0.621131309962305","0.621131309962305","-0.935873432825878","0","2.29576701243119","7.79151101496752","0.902064283767317","0.869811978830113"
"stage5_soft_interior","0.325","3032","0.71584777361441","1.0451180546913","-0.690860219462031","0.690860219462031","-1.04511803784622","0","2.55453017800313","8.64375456180058","1.00303368019656","0.968869311252426"
"stage5_soft_interior","0.35","3032","0.734549538970966","1.06950244442347","-0.709159426688776","0.709159426688776","-1.06950242508604","0","2.61648379581332","8.97171343199296","1.02687776528684","0.991265495496192"
"stage5_soft_interior","0.375","3032","0.751749555074816","1.0882263723199","-0.725874047908104","0.725874047908104","-1.08822634972583","0","2.67801914244416","9.25248801325645","1.05017388676923","1.01315208811789"
"stage5_soft_interior","0.4","3032","0.821655834048838","1.19425411264131","-0.793284108335533","0.793284108335533","-1.19425409885404","0","2.9287254008569","10.0638319221218","1.14829435631126","1.10896466858136"
"stage5_soft_interior","0.425","3032","0.916760705693284","1.33583731540693","-0.88493166439757","0.88493166439757","-1.33583729860226","0","3.26641934512196","11.1355238234352","1.28308066318441","1.23874623449714"
"stage5_soft_interior","0.45","3032","0.972338721034068","1.41706696305119","-0.938452603607457","0.938452603607457","-1.41706693365889","0","3.47043105958797","11.7736672756187","1.36118410115682","1.31507380728312"
"stage5_soft_interior","0.475","3032","0.98179075539916","1.4258249833714","-0.947855165743899","0.947855165743899","-1.42582495555644","0","3.49754509685133","11.9968094031186","1.37360444210273","1.32488064931483"
"stage5_soft_interior","0.5","3032","1.01221673379208","1.46906305602879","-0.97744507752837","0.97744507752837","-1.46906303244602","0","3.60405430764986","12.4856209639522","1.41224183579714","1.36415098394752"
"stage5_soft_interior","0.525","3032","1.09809419488594","1.59752245348778","-1.06001007601248","1.06001007601248","-1.59752243569555","0","3.91564162058513","13.3666889980443","1.53723595837134","1.48330315191952"
"stage5_soft_interior","0.55","3032","1.18732241047289","1.72841603743714","-1.14602944995797","1.14602944995797","-1.72841600462658","0","4.23403481967398","14.4071792968979","1.66214665691541","1.60458067495458"
"stage5_soft_interior","0.575","3032","1.22223682508454","1.78051899892404","-1.17985434011299","1.17985434011299","-1.78051897041018","0","4.3557657731065","14.8719081387157","1.70997799998003","1.651290904352"
"stage5_soft_interior","0.6","3032","1.2302970108945","1.7872104436548","-1.18781230188002","1.18781230188002","-1.78721040576207","0","4.3856058580947","15.0740476105873","1.71989381214932","1.66035696767575"
"stage5_soft_interior","0.625","3032","1.28113616809542","1.85831902272008","-1.2369445180857","1.2369445180857","-1.85831899325148","0","4.56353260526558","15.7113680335079","1.79044176089057","1.72764852203985"
"stage5_soft_interior","0.65","3032","1.3750347604744","2.00270927985188","-1.32737884774001","1.32737884774001","-2.00270925545846","0","4.90093463298542","16.7446694712665","1.92382350623427","1.8575487891317"
"stage5_soft_interior","0.675","3032","1.44921790076471","2.1109881216242","-1.39881328264628","1.39881328264628","-2.11098808870409","0","5.16917967333847","17.5875337843195","2.02893960503717","1.95890773273736"
"stage5_soft_interior","0.7","3032","1.47053282340806","2.1382668433458","-1.41958727013452","1.41958727013452","-2.13826680073603","0","5.24127684844044","17.9253914503845","2.05748347667436","1.98551359116319"
"stage5_soft_interior","0.725","3032","1.48504278136216","2.15628092998006","-1.43386642064153","1.43386642064153","-2.15628089280902","0","5.28974848536583","18.2261881875375","2.07441847368091","2.00316689596559"
"stage5_soft_interior","0.75","3032","1.55263871282006","2.25723979099955","-1.49893104132664","1.49893104132664","-2.25723975541178","0","5.53387590934982","18.9826641855082","2.17081580556017","2.09588677273266"
"stage5_soft_interior","0.775","3032","1.6507012486275","2.40268229634951","-1.5934378040801","1.5934378040801","-2.40268226662093","0","5.88521655019442","20.0751436697332","2.31016507159456","2.23025658075483"
"stage5_soft_interior","0.8","3032","1.70519337535189","2.48187814969669","-1.64597859275902","1.64597859275902","-2.48187810698506","0","6.07868643421772","20.7292843229716","2.38645986316623","2.30386856390514"
"stage5_soft_interior","0.825","3032","1.71813074243116","2.49913769140578","-1.65867887330848","1.65867887330848","-2.49913764064822","0","6.12435356754697","20.9835760456031","2.40319406374502","2.3200632913025"
"stage5_soft_interior","0.85","3032","1.74699942794954","2.53729655784848","-1.68673080461367","1.68673080461367","-2.5372965148222","0","6.22436139872897","21.4151377512309","2.44101866137035","2.35690133803121"
"stage5_soft_interior","0.875","3032","1.82674691898503","2.65446253338254","-1.76353636456232","1.76353636456232","-2.65446249612826","0","6.50950338054889","22.3086867014133","2.554529042246","2.46561988084632"
"stage5_soft_interior","0.9","3032","1.91727343661962","2.79296341696659","-1.85068497332095","1.85068497332095","-2.79296337995377","0","6.8369998734631","23.2963752757879","2.68393639306902","2.59107313680994"
"stage5_soft_interior","0.925","3032","1.96113165638314","2.85470996595113","-1.89311159706518","1.89311159706518","-2.85470991289826","0","6.99146849024383","23.8778228069133","2.74420016254775","2.64948533863135"
"stage5_soft_interior","0.95","3032","1.97116992142852","2.86312769264953","-1.90305247656925","1.90305247656925","-2.86312764103292","0","7.0231666730978","24.1026343173539","2.75623038551018","2.65983795343307"
"stage5_soft_interior","0.975","3032","2.01038822432429","2.92162855120898","-1.94092354959505","1.94092354959505","-2.92162849813466","0","7.16500335485324","24.6070559854487","2.81043234241573","2.71363787594036"
"stage5_soft_interior","1","3032","2.09918756704573","3.05368709061456","-2.02650942922819","2.02650942922819","-3.05368705023268","0","7.48130552259199","25.6124858538705","2.93590883543768","2.83456318288655"
"stage5_soft_interior","1.025","3032","2.16634847503319","3.1547326568851","-2.09099571545952","2.09099571545952","-3.15473261311234","0","7.72432675160342","26.253296841179","3.03395842555958","2.92784186242639"
"stage5_soft_interior","1.05","3032","2.12450788863796","3.09450579229886","-2.0506637562324","2.0506637562324","-3.09450573327653","0","7.57737035599837","25.8079442071126","2.97295095372325","2.87164033654278"
"stage5_soft_interior","1.075","3032","2.0395004765543","2.96130062271651","-1.96927420494245","1.96927420494245","-2.96130056379848","0","7.26404781862264","25.0630099883056","2.84936700636188","2.75003400626722"
"stage5_soft_interior","1.1","3032","2.03974620020485","2.95936648710396","-1.96947323328517","1.96947323328517","-2.95936643846841","0","7.26451802961739","25.0438715957127","2.84980431943129","2.75035710706707"
"stage5_soft_interior","1.125","3032","2.1247485399934","3.09282097822983","-2.05090692414594","2.05090692414594","-3.09282094701236","0","7.57922063138002","25.8139126731379","2.97422332554328","2.87165916963944"
"stage5_soft_interior","1.15","3032","2.16541823408333","3.15769961553423","-2.09010828936258","2.09010828936258","-3.1576995554877","0","7.71973565702882","26.2553131764765","3.03161613456026","2.92729241684541"
"stage5_soft_interior","1.175","3032","2.09991074608426","3.05407104109507","-2.02720778495737","2.02720778495737","-3.05407098568078","0","7.48494496053062","25.6189339047499","2.9369787873662","2.83588038462699"
"stage5_soft_interior","1.2","3032","2.02692377429594","2.93919260795859","-1.9570558324107","1.9570558324107","-2.9391925457333","0","7.22238193111678","24.8847603269508","2.83303933062001","2.73309529934536"
"stage5_soft_interior","1.205","3032","2.02502088087573","2.93676465727051","-1.95523147842155","1.95523147842155","-2.93676459806253","0","7.21465029689782","24.8693523857819","2.82991554713235","2.73054444564795"
"stage5_soft_interior","1.21","3032","2.02653258303411","2.93974191065349","-1.95669093006206","1.95669093006206","-2.93974185568164","0","7.21920494496587","24.8900392035514","2.8315139278853","2.73259259055559"
"stage5_soft_interior","1.215","3032","2.03283255121244","2.95029896499995","-1.96275531289209","1.96275531289209","-2.95029891589331","0","7.24098806700282","24.9613422887815","2.83973417844763","2.74144221529272"
"stage5_soft_interior","1.22","3032","2.04468449748315","2.96955525986969","-1.97415880183033","1.97415880183033","-2.96955521529126","0","7.28317033065841","25.0878291253008","2.85596543124776","2.75798289046223"
"stage5_soft_interior","1.225","3032","2.05878348975839","2.99229294677722","-1.98772281000064","1.98772281000064","-2.99229290592883","0","7.33365202702405","25.2357708864359","2.87601011698287","2.77783789108404"
"stage5_soft_interior","1.23","3032","2.07698450357208","3.02120749263897","-2.00522937709725","2.00522937709725","-3.02120745364476","0","7.39947354847079","25.4188922570425","2.90226928063504","2.80338021182118"
"stage5_soft_interior","1.235","3032","2.09581690966759","3.05076226539601","-2.02333608248988","2.02333608248988","-3.05076222807649","0","7.4678255966513","25.603917242634","2.92968052799732","2.82969723624415"
"stage5_soft_interior","1.24","3032","2.11529172839413","3.08096830023043","-2.0420532704073","2.0420532704073","-3.08096826443316","0","7.53875239331432","25.7908786861269","2.95861695833265","2.85697406475987"
"stage5_soft_interior","1.245","3032","2.13255857643674","3.10699161337431","-2.05862351094682","2.05862351094682","-3.10699157807871","0","7.60197647299849","25.9498409887226","2.98401756042921","2.88114635739938"
"stage5_soft_interior","1.25","3032","2.14952005590647","3.1319472980368","-2.0749275389532","2.0749275389532","-3.1319472624619","0","7.66397778595766","26.1261168015299","3.00825521158618","2.90477979759773"
"stage5_soft_interior","1.255","3032","2.16672590572356","3.15558628185673","-2.09158233087775","2.09158233087775","-3.15558624372954","0","7.72625525524167","26.3826934772647","3.03253307315753","2.92795363269167"
"stage5_soft_interior","1.26","3032","2.19239098559284","3.18963736779928","-2.11660962223999","2.11660962223999","-3.18963732587537","0","7.81754414199464","26.8587097035678","3.06607104006316","2.96111549609053"
"stage5_soft_interior","1.265","3032","2.22713255998967","3.23521513082819","-2.15057324689527","2.15057324689527","-3.23521508405379","0","7.94015505522755","27.5404368948487","3.11000332821271","3.00550366485822"
"stage5_soft_interior","1.27","3032","2.28619775863192","3.31379452402291","-2.20821469690947","2.20821469690947","-3.31379447220896","0","8.14763237494378","28.5974438275898","3.18592798815038","3.08037685311284"
"stage5_soft_interior","1.275","3032","2.3745626594972","3.43372152840852","-2.2941052654574","2.2941052654574","-3.43372147281865","0","8.45741535906887","29.9492119239965","3.30186127676731","3.19384827018643"
"stage5_soft_interior","1.28","3032","2.49109166784321","3.59415351909598","-2.4070532980519","2.4070532980519","-3.59415346180071","0","8.86547811091217","31.5538584593394","3.4593649258679","3.34517227593415"
"stage5_soft_interior","1.285","3032","2.63590681263614","3.79639491180116","-2.54710905940419","2.54710905940419","-3.79639485469057","0","9.37330473888023","33.3926816224352","3.65489736438994","3.53488155702891"
"stage5_soft_interior","1.29","3032","2.80769500976767","4.03995200402385","-2.7129614024761","2.7129614024761","-4.03995194791339","0","9.97772538889249","35.4393615062622","3.88958206385611","3.76545071147627"
"stage5_soft_interior","1.295","3032","3.00375247085387","4.32241794717553","-2.90198116173761","2.90198116173761","-4.3224178913779","0","10.6707599873051","37.6611787914955","4.1650029752491","4.03029888125433"
"stage5_soft_interior","1.3","3032","3.22162196833849","4.64227483267224","-3.11178195129736","3.11178195129736","-4.64227477472315","0","11.4456680509448","40.0303129109984","4.48030101384629","4.32800826730032"
"stage5_soft_interior","1.305","3032","3.45222136873879","4.98701099269082","-3.33366324727943","3.33366324727943","-4.98701092939953","0","12.2713744086421","42.4730653113565","4.81305272386855","4.64388663347226"
"stage5_soft_interior","1.31","3032","3.68613325169336","5.34194636801099","-3.55862709517348","3.55862709517348","-5.34194629569794","0","13.1139003862288","44.9193410221332","5.15379311851373","4.96941412402283"
"stage5_soft_interior","1.315","3032","3.91584303977242","5.69504192542003","-3.77948295166035","3.77948295166035","-5.69504183977967","0","13.9463209805032","47.3116050505341","5.48976682719418","5.29050039502286"
"stage5_soft_interior","1.32","3032","4.13424867695063","6.03422042107265","-3.98943299036879","3.98943299036879","-6.0342203182584","0","14.7430404241581","49.5946541077874","5.80480975731337","5.59689879860498"
"stage5_soft_interior","1.325","3032","4.33143121086385","6.34220329211198","-4.17897234105296","4.17897234105296","-6.34220317077338","0","15.4682494115121","51.6855201174136","6.08766339080852","5.87552315272312"
"stage5_soft_interior","1.33","3032","4.50038708807894","6.60462985405354","-4.34141163824977","4.34141163824977","-6.60462971770005","0","16.0933361879666","53.5230881699775","6.3353693523256","6.11406650215154"
"stage5_soft_interior","1.335","3032","4.63557375231029","6.80947854572767","-4.47149351277391","4.47149351277391","-6.80947840077011","0","16.5919159867745","55.0572096302115","6.53124490229646","6.30072713206779"
"stage5_soft_interior","1.34","3032","4.73164506201667","6.94713018775071","-4.56416829294708","4.56416829294708","-6.94713003850031","0","16.9371887171147","56.2332670065505","6.6605101861594","6.42941281883574"
"stage5_soft_interior","1.345","3032","4.79040046532743","7.02375489187058","-4.62118350308676","4.62118350308676","-7.02375473755834","0","17.1348735869559","57.0596619953387","6.73242702083669","6.50355202025007"
"stage5_soft_interior","1.35","3032","4.81408772659581","7.04684864121828","-4.64465174307402","4.64465174307402","-7.04684848259669","0","17.1978301964008","57.550389874912","6.76259095511899","6.52652445060175"
"stage5_soft_interior","1.355","3032","4.80649911820965","7.02463185092796","-4.63811526988353","4.63811526988353","-7.02463169816757","0","17.1464030421995","57.7287869677522","6.74629539089114","6.5082339959372"
"stage5_soft_interior","1.36","3032","4.7726544414853","6.96502418861689","-4.6062799901603","4.6062799901603","-6.96502405520214","0","17.0047765927868","57.6267675513743","6.68993156063438","6.45401072823709"
"stage5_soft_interior","1.365","3032","4.71800708203306","6.87507277180164","-4.55429104273001","4.55429104273001","-6.87507265815886","0","16.7973364656004","57.2801380417519","6.60679205497217","6.37248041175502"
"stage5_soft_interior","1.37","3032","4.6502420092736","6.76494641422973","-4.48951381332776","4.48951381332776","-6.76494630381225","0","16.551645467294","56.754114990802","6.50244066747599","6.27407871280733"
"stage5_soft_interior","1.375","3032","4.57715191548099","6.64595826917772","-4.41948786837357","4.41948786837357","-6.6459581465455","0","16.2917339418679","56.1280697758434","6.39056792477669","6.16969699935558"
"stage5_soft_interior","1.38","3032","4.50665991767766","6.53011666632875","-4.35187108571248","4.35187108571248","-6.53011654465778","0","16.0422494244209","55.4904060642515","6.28437585340064","6.07136759364648"
"stage5_soft_interior","1.385","3032","4.44599594267712","6.42926148551874","-4.29363004911869","4.29363004911869","-6.4292613895393","0","15.8271434642299","54.9330677235956","6.19462657838622","5.98623727273163"
"stage5_soft_interior","1.39","3032","4.40042375576311","6.35352508042304","-4.24983000122465","4.24983000122465","-6.35352500937428","0","15.665774193857","54.514523399016","6.13042946157882","5.92255477047669"
"stage5_soft_interior","1.395","3032","4.37451886731466","6.31199044121299","-4.22488520531174","4.22488520531174","-6.31199038357513","0","15.5752506929263","54.2690221426058","6.09641068161513","5.88612598265248"
"stage5_soft_interior","1.4","3032","4.37513464324313","6.31618886989268","-4.22539219031113","4.22539219031113","-6.31618881849402","0","15.5804457646444","54.246112139823","6.10187136754486","5.88861310202925"
"stage5_soft_interior","1.405","3032","4.39933895232941","6.35970468938175","-4.24853455741255","4.24853455741255","-6.35970463663564","0","15.6708399316055","54.4355056238714","6.14173938048329","5.92528391448723"
"stage5_soft_interior","1.41","3032","4.44508066230195","6.43831023237184","-4.29234209408332","4.29234209408332","-6.43831016415463","0","15.8386942198157","54.8335776920424","6.20999059264463","5.99128171488858"
"stage5_soft_interior","1.415","3032","4.50926316982855","6.54609790573034","-4.35384836120222","4.35384836120222","-6.5460978011646","0","16.0718220714344","55.4077115220961","6.30069400964169","6.08213250756119"
"stage5_soft_interior","1.42","3032","4.58685436799322","6.67270152993184","-4.42822154499713","4.42822154499713","-6.67270137862436","0","16.3509657525005","56.1067582219826","6.41235587194407","6.19228093746036"
"stage5_soft_interior","1.425","3032","4.66889330017449","6.8030169130851","-4.50685479572864","4.50685479572864","-6.80301673474431","0","16.6446068412518","56.8467191276981","6.5322334419841","6.30780635464505"
"stage5_soft_interior","1.43","3032","4.74841934197692","6.92770795074152","-4.58307384842313","4.58307384842313","-6.92770777658084","0","16.9291400259939","57.5506739736412","6.64877101313277","6.41999994719123"
"stage5_soft_interior","1.435","3032","4.8168144074785","7.03687654670177","-4.64862005439856","4.64862005439856","-7.03687639512514","0","17.1750639869062","58.1259231995306","6.75048425809492","6.51734148236594"
"stage5_soft_interior","1.44","3032","4.8650163508538","7.11782834467241","-4.69479053288625","4.69479053288625","-7.1178282216743","0","17.3503628750318","58.4876235141404","6.82273660338203","6.58717558506893"
"stage5_soft_interior","1.445","3032","4.88726453148103","7.15820254372286","-4.71602768742698","4.71602768742698","-7.15820245093311","0","17.4338259184108","58.5863759825153","6.85602223279855","6.62087227440994"
"stage5_soft_interior","1.45","3032","4.8776854449079","7.14570251714997","-4.70664694400793","4.70664694400793","-7.14570244644595","0","17.4039109678269","58.3645417488118","6.84282373870129","6.61029844570384"
"stage5_soft_interior","1.455","3032","4.82695725561565","7.06687043557067","-4.65761175692994","4.65761175692994","-7.06687036019681","0","17.2269828529206","57.705736980595","6.77407651128935","6.54207132443612"
"stage5_soft_interior","1.46","3032","4.73573398133319","6.92635756045889","-4.56949193858991","4.56949193858991","-6.92635745017164","0","16.9052037278812","56.5869282210048","6.64775875646324","6.41766146244934"
"stage5_soft_interior","1.465","3032","4.60628209563203","6.72837296692447","-4.44444497075782","4.44444497075782","-6.72837281497849","0","16.4462462233124","55.0199486530719","6.46932265665029","6.24149751443808"
"stage5_soft_interior","1.47","3032","4.44141383801462","6.47724075730672","-4.28520175792029","4.28520175792029","-6.47724058274774","0","15.859696533312","53.0430096551919","6.24184755681581","6.01741620876348"
"stage5_soft_interior","1.475","3032","4.24227997177041","6.17704969759571","-4.09298986711571","4.09298986711571","-6.17704951856159","0","15.1494020846496","50.7176228935163","5.9614499096781","5.74494950989267"
"stage5_soft_interior","1.48","3032","4.02271325038571","5.85019384103057","-3.88130057618303","3.88130057618303","-5.85019367492842","0","14.3647937641294","48.2539457584688","5.65032820320825","5.44437742929465"
"stage5_soft_interior","1.485","3032","3.79152256119778","5.50950160741265","-3.65874305742542","3.65874305742542","-5.50950147656284","0","13.5362232355452","45.777801281638","5.31971539851941","5.12638718295125"
"stage5_soft_interior","1.49","3032","3.55781114460379","5.16682523318621","-3.4341165119049","3.4341165119049","-5.16682513398466","0","12.6945120973331","43.3763535212751","4.98230745710159","4.80470524868535"
"stage5_soft_interior","1.495","3032","3.33148635414274","4.83519435498726","-3.21682461782339","3.21682461782339","-4.83519426161092","0","11.8744927214861","41.0946912259348","4.6518288467016","4.4937548150135"
"stage5_soft_interior","1.5","3032","3.11928217439194","4.52370013849093","-3.01308679417657","3.01308679417657","-4.52370005409403","0","11.1027741432287","38.9305090517538","4.34338827287454","4.20017055914466"
"stage5_soft_interior","1.505","3032","2.9268419512637","4.24011900893224","-2.82816164304677","2.82816164304677","-4.24011894202434","0","10.4024218574055","36.9077790695774","4.06388688751832","3.93437872499728"
"stage5_soft_interior","1.51","3032","2.76128864814289","3.99454131777453","-2.66881169620429","2.66881169620429","-3.99454127269002","0","9.80156490830571","35.0855233312908","3.82032768368754","3.70346728642399"
"stage5_soft_interior","1.515","3032","2.62562114262313","3.79195518259022","-2.53794183436786","2.53794183436786","-3.79195516158653","0","9.31174651738571","33.4914347602555","3.63258681153112","3.51691328549833"
"stage5_soft_interior","1.52","3032","2.51816716344054","3.63107761761907","-2.43398949724608","2.43398949724608","-3.63107759730328","0","8.9268646639786","32.1013525578366","3.48298896521362","3.37060064059012"
"stage5_soft_interior","1.525","3032","2.43735299729781","3.51045270651707","-2.35545959139485","2.35545959139485","-3.51045266706677","0","8.64178743350577","30.8882819757207","3.37302353966185","3.263372967239"
"stage5_soft_interior","1.53","3032","2.38268776112827","3.43076133514756","-2.30190854160139","2.30190854160139","-3.43076128736646","0","8.45605762010631","29.852650684198","3.31002792105552","3.19458993878798"
"stage5_soft_interior","1.535","3032","2.34620360842451","3.38179493829691","-2.26576567673269","2.26576567673269","-3.3817948920821","0","8.34077820712435","28.9771537032778","3.26939236624156","3.15348702499345"
"stage5_soft_interior","1.54","3032","2.32088306181651","3.3577641108849","-2.24034393664913","2.24034393664913","-3.35382411711683","0","8.2697581833195","28.2472667609431","3.24931082146662","3.12851116629122"
"stage5_soft_interior","1.545","3032","2.29934786942106","3.34411284224808","-2.21859417255803","2.21859417255803","-3.33484563694546","0","8.21420005205197","27.6175745690547","3.22932673589759","3.11119296237896"
"stage5_soft_interior","1.55","3032","2.27194637430791","3.31857699802538","-2.1913190923052","2.1913190923052","-3.30822314696305","0","8.13456847214919","26.9929608155199","3.20341193030014","3.08423944738456"
"stage5_soft_interior","1.555","3032","2.23138663450661","3.26902778568352","-2.15155772351454","2.15155772351454","-3.26145437249131","0","8.00068197454551","26.266437882261","3.15654757685126","3.0372061001319"
"stage5_soft_interior","1.56","3032","2.17171752508561","3.18641799699473","-2.09362463919899","2.09362463919899","-3.18582431315553","0","7.78995040225577","25.365530038797","3.07646147237911","2.9598532889497"
"stage5_soft_interior","1.565","3032","2.08666151612031","3.07245590094838","-2.01148797787305","2.01148797787305","-3.07245581368666","0","7.48156614808346","24.2399905044575","2.95834470859772","2.8468291448287"
"stage5_soft_interior","1.57","3032","1.97104074511731","2.91321224114335","-1.90013101437538","1.90013101437538","-2.9132121757381","0","7.06061492303163","22.8603980317169","2.79112780286426","2.68995901366251"
"stage5_soft_interior","1.575","3032","1.82649928070267","2.70940068180262","-1.7610441370425","1.7610441370425","-2.70940063096914","0","6.53606048656174","21.2310665533887","2.5826320305137","2.49098915158845"
"stage5_soft_interior","1.58","3032","1.65352415736562","2.46022469440082","-1.59462037425286","1.59462037425286","-2.46022463616408","0","5.91055967420206","19.3286954572567","2.33430048285709","2.252049587641"
"stage5_soft_interior","1.585","3032","1.45219722085207","2.1631557052671","-1.40087876477212","1.40087876477212","-2.16315564930725","0","5.18348990264096","17.1272653832693","2.04097209283742","1.97396828586389"
"stage5_soft_interior","1.59","3032","1.22888318064038","1.82636839949857","-1.18590842498312","1.18590842498312","-1.82636833976111","0","4.37632532772898","14.6841589835485","1.71891240637579","1.66489924092525"
"stage5_soft_interior","1.595","3032","0.991680649533774","1.46308324116872","-0.957477879950107","0.957477879950107","-1.46308315031078","0","3.51893946373141","12.0833446418839","1.38208474751063","1.33705296826754"
"stage5_soft_interior","1.6","3032","0.748218439363601","1.08698962749967","-0.722912439516367","0.722912439516367","-1.08698951102387","0","2.6413130876192","9.39980595084618","1.03825506772021","1.00184212108727"
"stage5_soft_interior","1.605","3032","0.508264904874427","0.728653482614103","-0.491612877955757","0.491612877955757","-0.715944532299758","0","1.782549650414","6.72598353071734","0.701539822456192","0.674566312697255"
"stage5_soft_interior","1.61","3032","0.280124052365311","0.402313842008545","-0.271548920943744","0.271548920943744","-0.380570314546652","0","0.976546426721534","4.14911884813602","0.383678842726178","0.36648254179811"
"stage5_soft_interior","1.615","3032","0.0743504616889645","0.129354260088807","-0.0722063459754505","0.0722063459754505","-0.121609128699763","0","0.303272578717222","1.77508634243664","0.112920486010839","0.106079151285393"
"stage5_soft_interior","1.62","3032","0.105969174336296","0.211195288642753","0.0997092788969869","0.0997092788969869","0","0.211195160350312","0.400572073808493","0.88461108706251","0.1710057066524","0.162693145266581"
"stage5_soft_interior","1.625","3032","0.250747006752643","0.42014919230754","0.239765541367403","0.239765541367403","0","0.420149133142338","0.899620937342821","2.01282924064035","0.375087171743426","0.357240145209962"
"stage5_soft_interior","1.63","3032","0.36026683151176","0.572803176360667","0.345516490475509","0.345516490475509","0","0.57280317381058","1.28236007600358","3.30769265664229","0.530905901810582","0.504077395821584"
"stage5_soft_interior","1.635","3032","0.433609367511557","0.671198860479051","0.416368027222568","0.416368027222568","0","0.671198810249915","1.54277899482957","4.19647951955399","0.633097124034996","0.602998441224875"
"stage5_soft_interior","1.64","3032","0.471811920673704","0.720215175962312","0.453322484677135","0.453322484677135","0","0.719222684109324","1.68640995524257","4.70838609313418","0.685714496488648","0.654706449033711"
"stage5_soft_interior","1.645","3032","0.47769854196463","0.721188036714339","0.459058752319874","0.459058752319874","0","0.721187738844384","1.72227117897212","4.8922485283896","0.692161141323695","0.662651717457509"
"stage5_soft_interior","1.65","3032","0.455937569860114","0.682506139293023","0.438081949660633","0.438081949660633","0","0.682505802301389","1.66144689049801","4.80550240956948","0.659603406714683","0.63270226658837"
"stage5_soft_interior","1.655","3032","0.41286539088348","0.627320824733551","0.396603033737432","0.396603033737432","0","0.611398459843518","1.51924824172657","4.49951136341916","0.597774803675407","0.572715300862989"
"stage5_soft_interior","1.66","3032","0.35595353667067","0.549974644285656","0.341978620155553","0.341978620155553","0","0.518837490416466","1.31730991635109","4.03404615023036","0.515552555422998","0.492483539111487"
"stage5_soft_interior","1.665","3032","0.293211039421327","0.455140806246613","0.282017127767128","0.282017127767128","0","0.417085729251625","1.08387697505816","3.49350065834609","0.421481175281067","0.401785360796656"
"stage5_soft_interior","1.67","3032","0.232921421285923","0.353283021805689","0.224652908762195","0.224652908762195","0","0.325809724251924","0.851197078217848","2.9749427056967","0.328683172501675","0.312241813553663"
"stage5_soft_interior","1.675","3032","0.183416759926301","0.266862239663786","0.177666028398551","0.177666028398551","0","0.250544112668856","0.652353221865317","2.58852269774745","0.253077098757766","0.239430417067331"
"stage5_soft_interior","1.68","3032","0.152486172708626","0.226552945957967","0.148020241826574","0.148020241826574","0","0.213110573731717","0.529893026206627","2.45063915746277","0.21483084919723","0.202941982574628"
"stage5_soft_interior","1.685","3032","0.145940275763709","0.23024239489083","0.141031068909374","0.141031068909374","0","0.217368929498411","0.528590227875132","2.63494916951313","0.214365160597604","0.201980876560665"
"stage5_soft_interior","1.69","3032","0.165179780788248","0.269598647502101","0.159065668934625","0.159065668934625","0","0.25485123750002","0.601246108559774","3.12421169123448","0.24389595167423","0.230197524571959"
"stage5_soft_interior","1.695","3032","0.208350424289949","0.334630802148653","0.201143083728012","0.201143083728012","0","0.316694541640256","0.725687453462209","3.8148085513907","0.299484670314619","0.281187181834317"
"stage5_soft_interior","1.7","3032","0.273076862113312","0.419249293357225","0.264402699390168","0.264402699390168","0","0.396219252858412","0.935213566520941","4.58397544132325","0.375785372932069","0.357045001469992"
"stage5_soft_interior","1.705","3032","0.355763098812626","0.51718533809869","0.344584279792716","0.344584279792716","0","0.500899810007366","1.23903004831529","5.35312787888876","0.478785269652092","0.463376540869159"
"stage5_soft_interior","1.71","3032","0.450965955156169","0.653254108705104","0.436140086410025","0.436140086410025","0","0.653254100361349","1.59541690543108","6.08312331185436","0.61110826414277","0.598984912691745"
"stage5_soft_interior","1.715","3032","0.551336485746995","0.812507565995316","0.532071377460459","0.532071377460459","0","0.812507515413037","1.97179126524865","6.74200906954994","0.768031170824091","0.746116157971224"
"stage5_soft_interior","1.72","3032","0.648127358732025","0.965216907863674","0.624196477596933","0.624196477596933","0","0.965216794242298","2.3347257754255","7.30798794532301","0.924409214099077","0.889163890122152"
"stage5_soft_interior","1.725","3032","0.731960743571534","1.11068489285315","0.703775474340223","0.703775474340223","0","1.09793867467837","2.64915823449307","7.77100606731258","1.06134272947008","1.01239909901491"
"stage5_soft_interior","1.73","3032","0.793682153998232","1.22230434045229","0.762268364344167","0.762268364344167","0","1.19658925913992","2.88069718120369","8.11521746802896","1.15966972982846","1.10436467905888"
"stage5_soft_interior","1.735","3032","0.825285343220295","1.27877566723749","0.792155960811551","0.792155960811551","0","1.24660867149709","2.99949190485203","8.3011441495167","1.21269877413801","1.15056664056674"
"stage5_soft_interior","1.74","3032","0.82077718339425","1.27067192679322","0.787722667397522","0.787722667397522","0","1.2375516445786","2.98369367726013","8.25885164853807","1.20688870164141","1.1439576218982"
"stage5_soft_interior","1.745","3032","0.776765604609849","1.19480269375157","0.745640136050546","0.745640136050546","0","1.16679612433268","2.82115872005102","7.89554694181893","1.13728680954773","1.08102354853048"
"stage5_soft_interior","1.75","3032","0.692564763687246","1.05376843289659","0.665115352328977","0.665115352328977","0","1.0366474583423","2.50955456890473","7.12674155558835","1.00584685813621","0.960060641216891"
"stage5_soft_interior","1.755","3032","0.569984754114865","0.855166809732462","0.547723114456936","0.547723114456936","0","0.851033647816127","2.05635119518051","5.92144264332137","0.822233646539943","0.787189539536565"
"stage5_soft_interior","1.76","3032","0.412733845274361","0.616169808852327","0.396857534688993","0.396857534688993","0","0.616169471107808","1.47792002465465","4.31147566021492","0.589642110730891","0.567357094291275"
"stage5_soft_interior","1.765","3032","0.227063256860239","0.342642200751717","0.218363132421886","0.218363132421886","0","0.342641975145371","0.80204625266698","2.36394918890783","0.320071448400826","0.31041073123792"
"stage5_soft_interior","1.77","3032","0.0232922817635293","0.0471810414952217","0.0195220500750403","0.0195774742321708","-0.00161216217365367","0.0414855873351624","0.112116839179238","0.308643059869329","0.0387179304784129","0.0324709880003531"
"stage5_soft_interior","1.775","3032","0.199541282133948","0.310264168469543","-0.191659481228932","0.191659481228932","-0.283673828404338","0","0.743767163017674","2.30313912686321","0.292122355197639","0.273176702723935"
"stage5_soft_interior","1.78","3032","0.422391975377219","0.630159016800162","-0.406558459534342","0.406558459534342","-0.603450887741444","0","1.53451613238852","4.8256033986449","0.603558801847343","0.576958259642427"
"stage5_soft_interior","1.785","3032","0.639975117750834","0.94361161041987","-0.616384427315144","0.616384427315144","-0.924446026301759","0","2.3036322122766","7.30256727773172","0.909809136861148","0.872332257977944"
"stage5_soft_interior","1.79","3032","0.843660371971181","1.23954606793214","-0.812856786181243","0.812856786181243","-1.22899050046036","0","3.021199555872","9.62582360031629","1.19464362598911","1.149457039638"
"stage5_soft_interior","1.795","3032","1.02615991133742","1.50695131623258","-0.988932739225766","0.988932739225766","-1.50695128323257","0","3.66334690151652","11.7194629348416","1.45169045719064","1.39782970033712"
"stage5_soft_interior","1.8","3032","1.18214615241948","1.74938508033207","-1.13947491385328","1.13947491385328","-1.7493850520034","0","4.21287163731166","13.5312722235675","1.67169326864561","1.61080910967538"
"stage5_soft_interior","1.805","3032","1.30864462016425","1.94848002261043","-1.26162660034728","1.26162660034728","-1.94847994359707","0","4.66080751613631","15.035944606644","1.8510671120389","1.78277180508945"
"stage5_soft_interior","1.81","3032","1.40514676887521","2.09912220568083","-1.35489815421776","1.35489815421776","-2.09912213880926","0","5.00636725410811","16.245302317861","1.98764426787821","1.91432277605"
"stage5_soft_interior","1.815","3032","1.47372542703522","2.20130354792911","-1.42127513197978","1.42127513197978","-2.20130350814473","0","5.25653875861548","17.1955583468488","2.08282215397361","2.00713535461935"
"stage5_soft_interior","1.82","3032","1.5190535969328","2.26113408723754","-1.46525645564051","1.46525645564051","-2.26113405113209","0","5.42635908651132","17.9264262043673","2.14464319617934","2.06698160654097"
"stage5_soft_interior","1.825","3032","1.5479625781244","2.28982552129766","-1.49345671857652","1.49345671857652","-2.28982539332305","0","5.53749037658083","18.4892543376612","2.17940059448676","2.10336408220869"
"stage5_soft_interior","1.83","3032","1.56849416316801","2.30124008317015","-1.51368419454174","1.51368419454174","-2.30123986746468","0","5.61511322433739","18.9695295281598","2.20097670707812","2.12764768589364"
"stage5_soft_interior","1.835","3032","1.58897478248168","2.30949374499611","-1.53399049672051","1.53399049672051","-2.30949358352073","0","5.68608541862817","19.4847714647467","2.22189871559625","2.14836815079145"
"stage5_soft_interior","1.84","3032","1.61738176055669","2.32834453308575","-1.56201391315766","1.56201391315766","-2.3283443749211","0","5.77911100909858","20.1402499004485","2.25526294369609","2.18004371496387"
"stage5_soft_interior","1.845","3032","1.66103764984595","2.37978415760033","-1.604732302324","1.604732302324","-2.37148891993096","0","5.92287547386824","20.9874084936647","2.30922113106236","2.23005379204861"
"stage5_soft_interior","1.85","3032","1.72655305372951","2.46543574809672","-1.66846390227383","1.66846390227383","-2.45213115904898","0","6.1430640316895","22.04226126525","2.39257407908753","2.31094660478007"
"stage5_soft_interior","1.855","3032","1.81638141515322","2.58989332834337","-1.75542334123056","1.75542334123056","-2.57702154032504","0","6.45041669796357","23.2173524571859","2.51270646662782","2.42623398015729"
"stage5_soft_interior","1.86","3032","1.92418561574537","2.74756524364344","-1.85930135968224","1.85930135968224","-2.73885529302302","0","6.82523702045342","24.3308094754216","2.66308008445539","2.57235283049302"
"stage5_soft_interior","1.865","3032","2.0417174956077","2.92679113867272","-1.97221321666505","1.97221321666505","-2.92426809363149","0","7.23997053347793","25.3700049397092","2.83527931208886","2.73349635756356"
"stage5_soft_interior","1.87","3032","2.16088690003373","3.11859818133749","-2.08648566406789","2.08648566406789","-3.11859814610614","0","7.66800752629338","26.3448504161386","3.01229322987972","2.90356019906492"
"stage5_soft_interior","1.875","3032","2.27358135544151","3.3062014426734","-2.19445028231851","2.19445028231851","-3.30620143389875","0","8.07932377155412","27.2647648295457","3.18308018637418","3.06557095522616"
"stage5_soft_interior","1.88","3032","2.37221259275022","3.47225157792685","-2.28890485009985","2.28890485009985","-3.47225156244833","0","8.44481249808158","28.1252460139942","3.33467900964943","3.21118207480889"
"stage5_soft_interior","1.885","3032","2.45018061849464","3.60574052349133","-2.36353166506195","2.36353166506195","-3.60574051181974","0","8.73945445901631","28.8650743212443","3.45504692351485","3.32945127159257"
"stage5_soft_interior","1.89","3032","2.50229107023574","3.69770716860025","-2.41332071638678","2.41332071638678","-3.69770716265542","0","8.94356129718969","29.3910525348906","3.53462976948668","3.41102622628814"
"stage5_soft_interior","1.895","3032","2.52507653267947","3.7424311974891","-2.43491038789495","2.43491038789495","-3.74243111828263","0","9.04205303869964","29.6320967252528","3.57106451701434","3.44618257890557"
"stage5_soft_interior","1.9","3032","2.51726416135576","3.73709416767397","-2.42708178006906","2.42708178006906","-3.73709400940918","0","9.0312151669961","29.5652112145202","3.56127901139067","3.43830813381897"
"stage5_soft_interior","1.925","3032","2.11713876755287","3.07406408646289","-2.04352770629674","2.04352770629674","-3.06775527410572","0","7.53763704940381","25.6836140979583","2.9629531300309","2.85423908880362"
"stage5_soft_interior","1.95","3032","1.68811028569313","2.39603303272442","-1.63251018242428","1.63251018242428","-2.39603292650076","0","5.97896306922675","21.8413099929115","2.32302319192478","2.24912310464405"
"stage5_soft_interior","1.975","3032","1.87148383518725","2.71846747383295","-1.80702030566455","1.80702030566455","-2.71846729908726","0","6.67736427290328","23.2366845754098","2.61247248436421","2.52390160297579"
"stage5_soft_interior","2","3032","2.43554216184116","3.58380226163287","-2.34980767549827","2.34980767549827","-3.58380218853249","0","8.69408969081507","28.9420051969159","3.42552858301156","3.30735772821741"
"stage5_soft_interior","2.025","3032","2.46391005002457","3.58675136554885","-2.37682984067463","2.37682984067463","-3.58675136421043","0","8.79486816701771","29.2390028553721","3.46098270266301","3.33695995705328"
"stage5_soft_interior","2.05","3032","1.88360182394049","2.73699842365836","-1.81812414754944","1.81812414754944","-2.73699815940822","0","6.7234803823194","22.9892135395601","2.64393203379009","2.54512955017563"
"stage5_soft_interior","2.075","3032","1.66290566014092","2.39273907897496","-1.60874985173775","1.60874985173775","-2.39273895655219","0","5.88551040138817","22.0033349629047","2.27713082068438","2.21547388637021"
"stage5_soft_interior","2.1","3032","2.12274163843094","3.09295012655318","-2.04887244266399","2.04887244266399","-3.05026917670631","0","7.54704543718098","25.5614094986621","2.97363998451324","2.85963716053158"
"stage5_soft_interior","2.125","3032","2.52486353624363","3.7349439412944","-2.43353154961083","2.43353154961083","-3.73494364781503","0","9.08172586925066","29.4616322930279","3.57739749103983","3.45314631228549"
"stage5_soft_interior","2.15","3032","2.25949488357875","3.31896000866792","-2.18171355622809","2.18171355622809","-3.31895974345118","0","8.02049406476816","27.5282273571134","3.15533096052569","3.047560067302"
"stage5_soft_interior","2.175","3032","1.74561104869361","2.50168394649878","-1.68667082049956","1.68667082049956","-2.46924916518859","0","6.20628738788822","22.0893775291171","2.42384516329825","2.33551290291624"
"stage5_soft_interior","2.2","3032","1.76673120015067","2.55764991337431","-1.70628887989623","1.70628887989623","-2.55764967094636","0","6.32053337481528","22.148662642634","2.46327884157927","2.3827638120172"
"full_gland_088kPa","0","3032","3.93356510128721E-13","4.17827520000003E-13","-3.93352663841424E-13","3.93352663841424E-13","-4.17827520000003E-13","0","1.86521554187678E-12","4.73940414712614E-11","4.1782752E-13","4.1782752E-13"
"full_gland_088kPa","0.025","3032","0.0206761305012367","0.0257142182951952","-0.0204806529313831","0.0204806529313831","-0.0257142182950451","0","0.013029962718539","0.1026114056985","0.0254609084017516","0.0254606212872576"
"full_gland_088kPa","0.05","3032","0.134054333600467","0.18430960645958","-0.132258152140846","0.132258152140846","-0.184309606368328","0","0.0817837573041125","0.451930257399947","0.180221851566228","0.180214917007757"
"full_gland_088kPa","0.075","3032","0.353199988970537","0.520090977557644","-0.347844202747837","0.347844202747837","-0.520090976391224","0","0.220324202525982","1.01809401704527","0.502635258495955","0.502585153013015"
"full_gland_088kPa","0.1","3032","0.5999419398342","0.907003611193869","-0.590163444037231","0.590163444037231","-0.907003603156919","0","0.379462187541069","1.64027809053175","0.871870930067759","0.871607521180529"
"full_gland_088kPa","0.125","3032","0.776668957285582","1.17114925669793","-0.763928599808737","0.763928599808737","-1.17114923963801","0","0.490589113098994","2.11031671981528","1.1264810107545","1.12614269789103"
"full_gland_088kPa","0.15","3032","0.846339357031041","1.26402852023178","-0.832952207945347","0.832952207945347","-1.26402850431973","0","0.531719598350908","2.3494789666945","1.2182786811843","1.21820689908748"
"full_gland_088kPa","0.175","3032","0.855601726287107","1.27229902806679","-0.842306924687487","0.842306924687487","-1.27229902106616","0","0.537095195453908","2.44176130220651","1.22669802451558","1.22653302717386"
"full_gland_088kPa","0.2","3032","0.90514169023724","1.34011026848256","-0.891133890026935","0.891133890026935","-1.34011025364869","0","0.566940652915043","2.60815229048725","1.29309124428731","1.29299388965742"
"full_gland_088kPa","0.225","3032","1.06576122430241","1.5776399465166","-1.04936540168479","1.04936540168479","-1.57763993462755","0","0.667482592039336","3.04493681066644","1.52208504225516","1.52195147477067"
"full_gland_088kPa","0.25","3032","1.30807484798318","1.94899616874114","-1.28753046323217","1.28753046323217","-1.9489961573547","0","0.821496996195707","3.68933161406714","1.87881676965388","1.87852927722072"
"full_gland_088kPa","0.275","3032","1.53692261191983","2.30544889959182","-1.51227056472405","1.51227056472405","-2.30544887988211","0","0.968007907416414","4.25664743269313","2.2201355675084","2.21976616243881"
"full_gland_088kPa","0.3","3032","1.67025833706976","2.50297207188012","-1.64363449699172","1.64363449699172","-2.50297204289021","0","1.05177987390027","4.63659483533288","2.40984261385123","2.40935103198166"
"full_gland_088kPa","0.325","3032","1.70312822732073","2.53677078219374","-1.67632478990863","1.67632478990863","-2.53677075555608","0","1.06922558877303","4.78490917546051","2.44531402604041","2.44493776821283"
"full_gland_088kPa","0.35","3032","1.7180747859562","2.55445672333244","-1.69128087553617","1.69128087553617","-2.55445670250193","0","1.07807985508405","4.88145351658219","2.46320553782363","2.46308055258964"
"full_gland_088kPa","0.375","3032","1.80995059207923","2.68890320205629","-1.78183529451018","1.78183529451018","-2.68890317556891","0","1.13544404476724","5.16697456823671","2.59342006093126","2.59315018213027"
"full_gland_088kPa","0.4","3032","2.01030258308529","2.98819790179135","-1.9788950397089","1.9788950397089","-2.98819788559201","0","1.26125569835004","5.6883806689226","2.88113181428782","2.88070111737463"
"full_gland_088kPa","0.425","3032","2.26056772713771","3.37488647372124","-2.22482019322999","2.22482019322999","-3.37488644812473","0","1.42072530698627","6.32306115359154","3.25214416321448","3.25162673531571"
"full_gland_088kPa","0.45","3032","2.4583711675782","3.68211001027084","-2.41923255068094","2.41923255068094","-3.6821099739338","0","1.54757657059144","6.85605202657059","3.5460445805432","3.54533987550307"
"full_gland_088kPa","0.475","3032","2.54488227361909","3.80115739005823","-2.5046146622399","2.5046146622399","-3.8011573520764","0","1.59999876246366","7.11796426836798","3.66280860211973","3.66219211306381"
"full_gland_088kPa","0.5","3032","2.55757105832567","3.8066625066456","-2.51746458219755","2.51746458219755","-3.80666246872453","0","1.60529963556467","7.20665759678135","3.66982880031967","3.66932470843654"
"full_gland_088kPa","0.525","3032","2.59434483058678","3.85973358262616","-2.55381111081244","2.55381111081244","-3.85973354919581","0","1.6285352054545","7.36927912560839","3.72120380660475","3.72066254083873"
"full_gland_088kPa","0.55","3032","2.73282800108104","4.0657347205589","-2.69017473689258","2.69017473689258","-4.06573468360654","0","1.71520045802254","7.74859880577753","3.92007234385023","3.91962154177931"
"full_gland_088kPa","0.575","3032","2.96404338084462","4.41293125383496","-2.91750603987595","2.91750603987595","-4.41293122750773","0","1.86054713581886","8.3544436657384","4.25454716070572","4.25397788248391"
"full_gland_088kPa","0.6","3032","3.20483352669015","4.7887276324353","-3.15410816986373","3.15410816986373","-4.78872759508589","0","2.01560149084869","8.96323888106597","4.61342128541254","4.61254598546224"
"full_gland_088kPa","0.625","3032","3.35829440404707","5.02296830043742","-3.30494348804536","3.30494348804536","-5.02296825567169","0","2.11252692806105","9.3748054704776","4.83859331226492","4.83782013129415"
"full_gland_088kPa","0.65","3032","3.40738695348697","5.08132813232753","-3.35373949919317","3.35373949919317","-5.08132807252682","0","2.14057484135736","9.58024915926513","4.89750659009984","4.8968521933047"
"full_gland_088kPa","0.675","3032","3.41730188975112","5.0856579411349","-3.36384967060506","3.36384967060506","-5.08565789741574","0","2.1451407381445","9.6590337376184","4.90273457334288","4.90205065248621"
"full_gland_088kPa","0.7","3032","3.48763929119159","5.19042364788756","-3.43301099573418","3.43301099573418","-5.19042359652512","0","2.18923932137205","9.87092183630571","5.00439713842908","5.00371049404775"
"full_gland_088kPa","0.725","3032","3.67079149774527","5.46611349339905","-3.6132582376464","3.6132582376464","-5.46611345146796","0","2.30512071846456","10.378916581193","5.26919944692336","5.26848102971453"
"full_gland_088kPa","0.75","3032","3.92156016763362","5.8465387520234","-3.85993183985558","3.85993183985558","-5.8465387147833","0","2.46306761122264","11.0279221824091","5.63533854692044","5.63454960996295"
"full_gland_088kPa","0.775","3032","4.13235231056581","6.1733877523371","-4.06685742584506","4.06685742584506","-6.1733877048693","0","2.59820278636299","11.5530629635471","5.94771271672318","5.94673123739694"
"full_gland_088kPa","0.8","3032","4.23947460006089","6.33439221701357","-4.17236310220992","4.17236310220992","-6.33439214905246","0","2.66609485342949","11.8760794297237","6.10265274413223","6.10158801798041"
"full_gland_088kPa","0.825","3032","4.26564104395811","6.35713704806987","-4.19863711130869","4.19863711130869","-6.35713698200407","0","2.67899183296072","12.0088400874107","6.12790386185879","6.12700368662106"
"full_gland_088kPa","0.85","3032","4.28864144380459","6.37952516678859","-4.22158233164359","4.22158233164359","-6.37952511008895","0","2.69133195443829","12.1349514219315","6.15135390143898","6.15061484841813"
"full_gland_088kPa","0.875","3032","4.40078940768318","6.55297303447864","-4.3318171083824","4.3318171083824","-6.55297297861433","0","2.76335825452462","12.4506204426073","6.31664510646993","6.31576263682512"
"full_gland_088kPa","0.9","3032","4.61605390239425","6.88079757268159","-4.54348322503267","4.54348322503267","-6.88079752012773","0","2.89955705000193","12.9977854363642","6.63187898246469","6.63097768135291"
"full_gland_088kPa","0.925","3032","4.86191408651982","7.25138903060672","-4.78532378167657","4.78532378167657","-7.25138897507779","0","3.05467245121163","13.6569949917152","6.98873246169288","6.98769373090019"
"full_gland_088kPa","0.95","3032","5.04216605703165","7.52867684090576","-4.96245841014636","4.96245841014636","-7.5286767839439","0","3.16941460626335","14.1277555898431","7.25462362864481","7.25350825839655"
"full_gland_088kPa","0.975","3032","5.1163087253032","7.64022337622214","-5.03547254239003","5.03547254239003","-7.64022330255527","0","3.21649736340434","14.3479445852777","7.36155186862156","7.36040898026957"
"full_gland_088kPa","1","3032","5.12786886912889","7.63911305292427","-5.04734123508678","5.04734123508678","-7.63911296509961","0","3.2202710064418","14.4555784898382","7.36321169416866","7.36212941150179"
"full_gland_088kPa","1.025","3032","5.15379437510344","7.67170575112302","-5.07301306840435","5.07301306840435","-7.671705678086","0","3.2348023976134","14.5433424853704","7.39662549805417","7.39565804031419"
"full_gland_088kPa","1.05","3032","5.19304809781641","7.75016799852089","-5.11120261209572","5.11120261209572","-7.75016794108339","0","3.26380380656505","14.592181938672","7.46874360402578","7.46760654005415"
"full_gland_088kPa","1.075","3032","5.21298162878751","7.78222561297676","-5.13065389236097","5.13065389236097","-7.7822255489542","0","3.27721337011059","14.6387143579995","7.49839739147077","7.49707554854067"
"full_gland_088kPa","1.1","3032","5.20020527864233","7.74708865282587","-5.11840375906276","5.11840375906276","-7.74708859856725","0","3.26531328583461","14.627596750538","7.46788057934724","7.46686158639407"
"full_gland_088kPa","1.125","3032","5.16628540640617","7.70002422262578","-5.08523997698615","5.08523997698615","-7.70002415734393","0","3.24469155028446","14.5512034362317","7.42212540202144","7.42118913184075"
"full_gland_088kPa","1.15","3032","5.1312698298085","7.65383959892034","-5.05044343226378","5.05044343226378","-7.65383953108523","0","3.22454070892368","14.465551777559","7.37584248000299","7.37473083028031"
"full_gland_088kPa","1.175","3032","5.13185551168341","7.64581394737997","-5.05115201654349","5.05115201654349","-7.64581385217571","0","3.22282998692637","14.44767414233","7.37012226996845","7.36907586123772"
"full_gland_088kPa","1.2","3032","5.16874327574557","7.69950136584559","-5.08769204463124","5.08769204463124","-7.69950129721113","0","3.24571228289024","14.5550540274231","7.42185343789262","7.42081671177978"
"full_gland_088kPa","1.205","3032","5.17723453701527","7.71404173925201","-5.09601109718171","5.09601109718171","-7.71404167906677","0","3.25148407254144","14.5821282047876","7.43548285408271","7.43446365699387"
"full_gland_088kPa","1.21","3032","5.18506834311509","7.72837172960637","-5.10362909727214","5.10362909727214","-7.72837167503172","0","3.25690571991267","14.6051073163734","7.44893590468987","7.44791196264732"
"full_gland_088kPa","1.215","3032","5.19259756857721","7.74226924583698","-5.11094335611239","5.11094335611239","-7.74226919554288","0","3.26212632700742","14.6261086866796","7.46198603525993","7.46095474197255"
"full_gland_088kPa","1.22","3032","5.19891351168951","7.75444553206094","-5.11704873745242","5.11704873745242","-7.75444548179582","0","3.26654188870746","14.6392384034107","7.47343256031954","7.47238354343472"
"full_gland_088kPa","1.225","3032","5.20458152829886","7.76544775269168","-5.12252398098389","5.12252398098389","-7.76544770114745","0","3.27052616345957","14.6490297018512","7.48375417884016","7.48269393838721"
"full_gland_088kPa","1.23","3032","5.20877042073667","7.77377043021511","-5.12656107531865","5.12656107531865","-7.77377037429793","0","3.27352362677288","14.6512017821818","7.49150794140014","7.49045181958517"
"full_gland_088kPa","1.235","3032","5.21192495169454","7.77998718030602","-5.12960342827861","5.12960342827861","-7.77998711979284","0","3.27579578407331","14.6503420340824","7.49725162298334","7.49620201273711"
"full_gland_088kPa","1.24","3032","5.21358190234917","7.78315494386188","-5.13120558299352","5.13120558299352","-7.78315487849502","0","3.27701788034562","14.6450927725271","7.50008576465603","7.49904545155683"
"full_gland_088kPa","1.245","3032","5.21389917601174","7.78349802097227","-5.13152425170278","5.13152425170278","-7.78349795268371","0","3.27724696790929","14.6388117134067","7.50027480442195","7.49923454227889"
"full_gland_088kPa","1.25","3032","5.21294164846491","7.7811530154579","-5.13062150474303","5.13062150474303","-7.78115294620022","0","3.27653112286589","14.6315487145148","7.49794581973273","7.49689765114899"
"full_gland_088kPa","1.255","3032","5.21718679560509","7.78365154810494","-5.13500281327276","5.13500281327276","-7.78365148035868","0","3.27895139947815","14.6743338888319","7.50066749414798","7.49961396893552"
"full_gland_088kPa","1.26","3032","5.23019175957857","7.7956671828075","-5.14818635797282","5.14818635797282","-7.7956671183336","0","3.28656113690138","14.7813640250311","7.51304731435444","7.51199350485951"
"full_gland_088kPa","1.265","3032","5.26614714073104","7.8347108077458","-5.18428533034933","5.18428533034933","-7.83471074762482","0","3.30763711690708","15.0259078065414","7.55250381416417","7.55146568544695"
"full_gland_088kPa","1.27","3032","5.34367261754591","7.9271787963141","-5.26151360575051","5.26151360575051","-7.92717874028499","0","3.35314263991327","15.4208975071753","7.64485973212749","7.64384787973508"
"full_gland_088kPa","1.275","3032","5.46245133257402","8.07606670711285","-5.37935850715688","5.37935850715688","-8.0760666542362","0","3.42340188833339","15.9312963380027","7.79262946791084","7.79169829557912"
"full_gland_088kPa","1.28","3032","5.62716864302742","8.29011103728648","-5.54234288690165","5.54234288690165","-8.2901109862732","0","3.52158549680661","16.5574706847932","8.00407292379519","8.00310611809278"
"full_gland_088kPa","1.285","3032","5.84192761306944","8.57740871137778","-5.75442959638889","5.75442959638889","-8.57740866065605","0","3.6505406126093","17.2997053708118","8.28663410584","8.28575616639342"
"full_gland_088kPa","1.29","3032","6.1261881776917","8.97106411227393","-6.03464322871937","6.03464322871937","-8.97106406017349","0","3.82306995036158","18.185232999215","8.67170171636682","8.67094940593107"
"full_gland_088kPa","1.295","3032","6.4715750414926","9.46264357038726","-6.37476493377397","6.37476493377397","-9.4626435168003","0","4.03464496973993","19.1900881157821","9.1501589253722","9.14961864944019"
"full_gland_088kPa","1.3","3032","6.87129012225165","10.0441624269127","-6.76814873922827","6.76814873922827","-10.0441623721556","0","4.28148898638553","20.2976363536513","9.71420248072961","9.71349432364098"
"full_gland_088kPa","1.305","3032","7.32324076073238","10.7147514588264","-7.21275628992919","7.21275628992919","-10.7147514030352","0","4.56282477390492","21.5020253682709","10.3623854746262","10.3613641499701"
"full_gland_088kPa","1.31","3032","7.82721338975155","11.4773395913642","-7.70839129627103","7.70839129627103","-11.4773395339848","0","4.87931310513178","22.8015652521518","11.0969131068515","11.095667781923"
"full_gland_088kPa","1.315","3032","8.38382755104657","12.3387008435941","-8.25564880756978","8.25564880756978","-12.3387007810935","0","5.23287982564532","24.1962118664368","11.9228377562811","11.921413791587"
"full_gland_088kPa","1.32","3032","8.96783782404367","13.2546647085923","-8.82970558502814","8.82970558502814","-13.2546646363456","0","5.60687908416025","25.640382774031","12.7986574838102","12.7970842696951"
"full_gland_088kPa","1.325","3032","9.56925888015748","14.2072358886746","-9.42070540796286","9.42070540796286","-14.2072358015558","0","5.99471259345752","27.1155538594061","13.7074334693594","13.7058474009571"
"full_gland_088kPa","1.33","3032","10.1776276316181","15.1770800046432","-10.0183239062167","10.0183239062167","-15.1770798974655","0","6.38926400094279","28.6015953359292","14.631151571049","14.6297793392688"
"full_gland_088kPa","1.335","3032","10.7754943909375","16.1315852435668","-10.6053228429711","10.6053228429711","-16.1315851130589","0","6.77838395710514","30.0611874225028","15.5390330324625","15.538106871299"
"full_gland_088kPa","1.34","3032","11.3436650946322","17.0337905088923","-11.1628891830004","11.1628891830004","-17.0337903566614","0","7.14768317479457","31.4497105844088","16.398521195643","16.3960471265864"
"full_gland_088kPa","1.345","3032","11.8773754820452","17.8755248807543","-11.6864627581488","11.6864627581488","-17.8755247085472","0","7.49357596866305","32.753893722416","17.1995527585217","17.1962041405314"
"full_gland_088kPa","1.35","3032","12.36453621729","18.6370358686074","-12.1642673465267","12.1642673465267","-18.6370356772439","0","7.80787889568576","33.9429356508119","17.9256175563783","17.9206095153023"
"full_gland_088kPa","1.355","3032","12.7928627135148","19.29990584779","-12.5843994751322","12.5843994751322","-19.299905636176","0","8.08268667603463","34.9868151959771","18.5585405139323","18.5523542524388"
"full_gland_088kPa","1.36","3032","13.1555566409748","19.8546213596187","-12.9403154350149","12.9403154350149","-19.8546211279866","0","8.31388302740676","35.8730531825624","19.0895737856863","19.0840140480962"
"full_gland_088kPa","1.365","3032","13.4447851681202","20.2885343030889","-13.2244053102546","13.2244053102546","-20.2885340548614","0","8.49625139159066","36.5890107710527","19.5079583619932","19.5027324268464"
"full_gland_088kPa","1.37","3032","13.654063842041","20.5912005126343","-13.4303297200945","13.4303297200945","-20.5912002513478","0","8.62507914218533","37.1243583858283","19.8034443692386","19.7981254088224"
"full_gland_088kPa","1.375","3032","13.7794625457229","20.7582251903492","-13.5542034678685","13.5542034678685","-20.7582249173278","0","8.697793943359","37.4710760280488","19.971403413413","19.9658080966143"
"full_gland_088kPa","1.38","3032","13.8206851480318","20.793095050211","-13.5956566110493","13.5956566110493","-20.793094766432","0","8.71557106995912","37.626521050594","20.012842714549","20.0067754931708"
"full_gland_088kPa","1.385","3032","13.7756716667406","20.6970419081491","-13.5525453196529","13.5525453196529","-20.6970416149939","0","8.67924313445605","37.5844987682102","19.926515879815","19.9223119238364"
"full_gland_088kPa","1.39","3032","13.6487345748656","20.4795410045831","-13.42894197992","13.42894197992","-20.47954070487","0","8.59281813997025","37.3539693772755","19.7237832544039","19.7197769479605"
"full_gland_088kPa","1.395","3032","13.4476051083955","20.1535758378527","-13.2323092048253","13.2323092048253","-20.1535755486243","0","8.46127505576814","36.950043249499","19.4138118170953","19.4105562157714"
"full_gland_088kPa","1.4","3032","13.1796745960201","19.7312093116425","-12.9698287204549","12.9698287204549","-19.7312090678623","0","8.28949001251265","36.3852277172923","19.0086590665674","19.0067112142113"
"full_gland_088kPa","1.405","3032","12.8526231201372","19.2245859593694","-12.6489945722856","12.6489945722856","-19.2245857824706","0","8.08251024431786","35.6706163356066","18.5222463529222","18.5205397316019"
"full_gland_088kPa","1.41","3032","12.4760965956326","18.6474370442229","-12.2792500563037","12.2792500563037","-18.6474369152713","0","7.8454522031351","34.8207792119516","17.9670690367638","17.9653793935888"
"full_gland_088kPa","1.415","3032","12.0671136660014","18.0228576511965","-11.8773542527127","11.8773542527127","-18.0228575422501","0","7.58750579290496","33.872850128309","17.3655348748923","17.363673481963"
"full_gland_088kPa","1.42","3032","11.6380622718318","17.3672403602066","-11.4555248324362","11.4555248324362","-17.3672402544257","0","7.31580722796073","32.8533544621105","16.7353511034888","16.7327387379971"
"full_gland_088kPa","1.425","3032","11.2015070374547","16.697524665393","-11.0261735485952","11.0261735485952","-16.697524553558","0","7.03819662620559","31.7916122806522","16.092110289123","16.0899508960033"
"full_gland_088kPa","1.43","3032","10.7698468175067","16.0313226135066","-10.6015571143072","10.6015571143072","-16.0313224983552","0","6.76248347728294","30.7183597844718","15.4549844488139","15.4526705219538"
"full_gland_088kPa","1.435","3032","10.3589921472433","15.393712889915","-10.1974016778006","10.1974016778006","-15.3937127748557","0","6.4990994596673","29.668901813214","14.8457963242686","14.8440025845823"
"full_gland_088kPa","1.44","3032","9.97924288144533","14.8039703416863","-9.82391496647032","9.82391496647032","-14.8039702070867","0","6.25579277614432","28.6733447926936","14.2810927249522","14.2797002893117"
"full_gland_088kPa","1.445","3032","9.64025678926165","14.278399607092","-9.49064750663119","9.49064750663119","-14.2783994376031","0","6.03895044306122","27.7622374245213","13.7755380174172","13.7746805528575"
"full_gland_088kPa","1.45","3032","9.34954181548951","13.8270965291981","-9.20500601488726","9.20500601488726","-13.8270963483125","0","5.85284377547337","26.9628052401775","13.3411851404914","13.3405038977287"
"full_gland_088kPa","1.455","3032","9.1121459341723","13.4561217260274","-8.97194137725996","8.97194137725996","-13.456121571576","0","5.70049421738496","26.2932875788962","12.9862888623575","12.9854286414478"
"full_gland_088kPa","1.46","3032","8.93628290084155","13.1803021651565","-8.79947668556348","8.79947668556348","-13.1803020423864","0","5.58747528375547","25.7753618288764","12.7236862561278","12.722976418873"
"full_gland_088kPa","1.465","3032","8.81591137562628","12.994583424579","-8.68155311495256","8.68155311495256","-12.9945833163934","0","5.51068498361854","25.3971427833842","12.5453851178645","12.5449924788121"
"full_gland_088kPa","1.47","3032","8.74501050586764","12.8908434859466","-8.61212395190489","8.61212395190489","-12.8908433886765","0","5.46676261111083","25.1504557973027","12.4447430462262","12.4438296923585"
"full_gland_088kPa","1.475","3032","8.71667937594046","12.8581006272328","-8.5842726512075","8.5842726512075","-12.8581005486239","0","5.45112212756764","25.0243246310159","12.4119724568776","12.4105638280952"
"full_gland_088kPa","1.48","3032","8.72236929506727","12.8837968396936","-8.58948479828258","8.58948479828258","-12.883796773243","0","5.45813347249429","24.999354140989","12.4345454216573","12.432909688218"
"full_gland_088kPa","1.485","3032","8.75399675063233","12.9566793208619","-8.61973028816807","8.61973028816807","-12.9566792491756","0","5.48282188570917","25.0462164563325","12.5015725612795","12.4996494254417"
"full_gland_088kPa","1.49","3032","8.80036342320584","13.0584441584172","-8.66405313495483","8.66405313495483","-13.0584440839882","0","5.51774311566261","25.1059136745313","12.5959026884802","12.5940554574641"
"full_gland_088kPa","1.495","3032","8.85089996270482","13.1713206270594","-8.71221176219957","8.71221176219957","-13.1713205603758","0","5.5558024450153","25.1160957314872","12.7015484446948","12.6995442690995"
"full_gland_088kPa","1.5","3032","8.89613402791546","13.2805799262733","-8.75504747309815","8.75504747309815","-13.2805798632675","0","5.59101623186996","25.0328461190223","12.8024264359276","12.801117328001"
"full_gland_088kPa","1.505","3032","8.92578027295711","13.3702369669538","-8.78258698343242","8.78258698343242","-13.3702368938433","0","5.61693195628367","24.8432404297615","12.8832933172565","12.8821081927521"
"full_gland_088kPa","1.51","3032","8.92720538012369","13.4192871596466","-8.782518608066","8.782518608066","-13.4192870766349","0","5.62571133742891","24.5612076219554","12.9229546543412","12.9216201922949"
"full_gland_088kPa","1.515","3032","8.88568183856926","13.4014434567642","-8.74044943801514","8.74044943801514","-13.4014433631802","0","5.60800294723177","24.2058035290611","12.8971679777341","12.8956154406972"
"full_gland_088kPa","1.52","3032","8.79429372333562","13.3023247497713","-8.64961308277263","8.64961308277263","-13.3023246244573","0","5.55864492599748","23.7772732793102","12.7939091604631","12.7920864462922"
"full_gland_088kPa","1.525","3032","8.64506918057592","13.1067722945198","-8.50221251360313","8.50221251360313","-13.106772137826","0","5.4715343780966","23.2489711026237","12.5992697699498","12.5969682547789"
"full_gland_088kPa","1.53","3032","8.43179407841457","12.8032770644034","-8.29215346506214","8.29215346506214","-12.8032769074176","0","5.34173311351941","22.5964308518043","12.3024766321872","12.2993935267103"
"full_gland_088kPa","1.535","3032","8.14935654935699","12.3825432601548","-8.01438096837422","8.01438096837422","-12.3825431170485","0","5.16533305016959","21.8040302043245","11.8952329048954","11.890685166617"
"full_gland_088kPa","1.54","3032","7.78650268693012","11.8253913562546","-7.65775988603163","7.65775988603163","-11.8253912062766","0","4.9346521808685","20.841832937007","11.3584117407901","11.3543025467723"
"full_gland_088kPa","1.545","3032","7.35315396268062","11.150333718676","-7.23190267506594","7.23190267506594","-11.1503335404247","0","4.65661745947849","19.7188570351432","10.7104779792644","10.7073290057813"
"full_gland_088kPa","1.55","3032","6.85326377029938","10.3672631556249","-6.74062762225668","6.74062762225668","-10.3672629521745","0","4.3344961543708","18.4328274564111","9.96091996601531","9.95823070602447"
"full_gland_088kPa","1.555","3032","6.29338764651904","9.4909413370914","-6.19036755390288","6.19036755390288","-9.49094112840376","0","3.97365117722853","16.9924911377913","9.12374744653","9.1213569946417"
"full_gland_088kPa","1.56","3032","5.68178253740561","8.53816855153409","-5.58926512772719","5.58926512772719","-8.5381683538491","0","3.58061385642333","15.4158781862192","8.2140798909507","8.2116898189415"
"full_gland_088kPa","1.565","3032","5.02415654560467","7.52113975372301","-4.94295300643215","4.94295300643215","-7.52113957980291","0","3.16019851215298","13.7180082896976","7.24194225228544","7.23968504324846"
"full_gland_088kPa","1.57","3032","4.33598910319282","6.46439964270816","-4.26661149152819","4.26661149152819","-6.46439950346594","0","2.72233141895694","11.941822564421","6.22913239031482","6.22780425651421"
"full_gland_088kPa","1.575","3032","3.63000413941655","5.38698778129315","-3.57269145067671","3.57269145067671","-5.38698767711796","0","2.27457119390228","10.1230518559349","5.19448443473361","5.19375710067764"
"full_gland_088kPa","1.58","3032","2.91891924864299","4.3064624509624","-2.87366059215186","2.87366059215186","-4.30646237083173","0","1.82442487904175","8.29845442275679","4.1556825319908","4.15544187540397"
"full_gland_088kPa","1.585","3032","2.21562092232042","3.23971204240328","-2.18216438657264","2.18216438657264","-3.23971198218989","0","1.37985884695622","6.50580053648153","3.13081260018198","3.13059449278316"
"full_gland_088kPa","1.59","3032","1.53889191542474","2.21286682340145","-1.5165631231954","1.5165631231954","-2.21286679351265","0","0.95304376967808","4.79543392386548","2.14640182015025","2.14634989146427"
"full_gland_088kPa","1.595","3032","0.898863083507388","1.23976104649426","-0.886216769112144","0.886216769112144","-1.23976103449016","0","0.554216030565117","3.18229054587571","1.21629564011197","1.21620809053941"
"full_gland_088kPa","1.6","3032","0.312359489991095","0.468073368775679","-0.302409985957162","0.302409985957162","-0.454877124421872","0","0.231288642360172","1.69456514070059","0.415384428861447","0.402418420140275"
"full_gland_088kPa","1.605","3032","0.25391721023077","0.537948512419234","0.219553084511746","0.232851631464661","-0.0749267982741136","0.469819920618752","0.228891291625251","0.506633248497467","0.490950147032901","0.434474682504531"
"full_gland_088kPa","1.61","3032","0.693670451343965","1.17605522213763","0.672717808775583","0.672717808775583","0","1.17255574512671","0.471369530676639","0.861182214280239","1.13010470982466","1.09955098297888"
"full_gland_088kPa","1.615","3032","1.0782708349665","1.76286546263905","1.05220475270944","1.05220475270944","0","1.76286542422294","0.710988409122188","1.81570938137665","1.68292906822643","1.6680792859709"
"full_gland_088kPa","1.62","3032","1.38484294133377","2.23525440399441","1.35426372043068","1.35426372043068","0","2.23525439498192","0.904773363192419","2.63764220733639","2.12807002760183","2.12486454550037"
"full_gland_088kPa","1.625","3032","1.61166429721941","2.58780056002967","1.57779504503471","1.57779504503471","0","2.58780051969035","1.04915280322202","3.293974815857","2.46807396247069","2.46551955442258"
"full_gland_088kPa","1.63","3032","1.75726889927021","2.81656331249784","1.72157295071235","1.72157295071235","0","2.81656308310164","1.14219976526043","3.78258377666385","2.68586631662075","2.68441855864955"
"full_gland_088kPa","1.635","3032","1.82505574566654","2.92332827207197","1.78897285729974","1.78897285729974","0","2.92332768829153","1.18568099115194","4.10301567087813","2.78646603647967","2.78498201493588"
"full_gland_088kPa","1.64","3032","1.82144451261829","2.91460649707169","1.78625225874187","1.78625225874187","0","2.91460569118211","1.18313002042496","4.25546121253197","2.77690177733373","2.77528450962828"
"full_gland_088kPa","1.645","3032","1.7526528365211","2.7968241084993","1.71950338721807","1.71950338721807","0","2.79682340793227","1.13779961855821","4.24538707538032","2.66464155462462","2.66351724472792"
"full_gland_088kPa","1.65","3032","1.62712077508649","2.58171911143162","1.59704228389851","1.59704228389851","0","2.5817186165953","1.05460000134904","4.08691333613399","2.46316422694505","2.46231830780463"
"full_gland_088kPa","1.655","3032","1.45532178312866","2.28716164860411","1.42918600577145","1.42918600577145","0","2.28716128933761","0.940307766105555","3.79929610044161","2.18870777291728","2.18766442953052"
"full_gland_088kPa","1.66","3032","1.24926346340432","1.93433224150245","1.22773671210851","1.22773671210851","0","1.93433192933069","0.8027200724065","3.40313360837385","1.85859840127246","1.85737816856463"
"full_gland_088kPa","1.665","3032","1.02414408298053","1.54870749312416","1.0075659627218","1.0075659627218","0","1.54870709807919","0.651407155096296","2.93281142724709","1.49473195300564","1.49436884827586"
"full_gland_088kPa","1.67","3032","0.792957700221038","1.15150326834015","0.781298212642977","0.781298212642977","0","1.15150271121176","0.495207552988128","2.42701666465957","1.11911973952569","1.11896621658717"
"full_gland_088kPa","1.675","3032","0.568491590851994","0.764649330063934","0.561204927722136","0.561204927722136","0","0.764648660326699","0.345329759220183","1.92661252022744","0.752974052749029","0.752879014300985"
"full_gland_088kPa","1.68","3032","0.36309893864719","0.500324883767023","0.358832153282994","0.358832153282994","0","0.484503375018231","0.238065456915895","1.46421242417042","0.471330247574514","0.461671067279754"
"full_gland_088kPa","1.685","3032","0.191092451577692","0.31463837894791","0.186215754336143","0.186215754336143","0","0.300749910847756","0.2061852651955","1.0634011785576","0.291253270799948","0.286180280906671"
"full_gland_088kPa","1.69","3032","0.109711493394752","0.210895115022189","0.0513151701462622","0.0957039025728823","-0.111385830247126","0.210841425058264","0.211566886618597","0.73525878111885","0.191769032922554","0.18875616716108"
"full_gland_088kPa","1.695","3032","0.133919735749228","0.256483482240882","-0.0408724551684383","0.119040979802074","-0.256483268368844","0.158751131449948","0.218176535739758","0.566513394246548","0.228209928147856","0.218957902258231"
"full_gland_088kPa","1.7","3032","0.152235641347631","0.31999808410092","-0.0869186057327167","0.136981941023068","-0.319997806034719","0.126161599346133","0.211846723671541","0.573498985870493","0.285715924759174","0.279837081675459"
"full_gland_088kPa","1.705","3032","0.142551518486999","0.298979422433904","-0.0846680436285301","0.128652344938703","-0.298978950984041","0.108883283073696","0.18985627130621","0.516856429307068","0.265347003664149","0.26088876663062"
"full_gland_088kPa","1.71","3032","0.104260065682644","0.190839565828403","-0.0322148932224557","0.0912604854090943","-0.190837906352847","0.126021366908925","0.156277193432414","0.546712900747274","0.167435865492427","0.16149803684935"
"full_gland_088kPa","1.715","3032","0.0798034466445723","0.209997240163446","0.0696422691010905","0.0696424024599471","-0.000202172026620547","0.20032787138667","0.128075407771629","0.845656864979985","0.176402016742591","0.165521836645081"
"full_gland_088kPa","1.72","3032","0.218674029272976","0.324470223545144","0.214189887628387","0.214189887628387","0","0.315179251574451","0.144993619710083","1.22458741176613","0.289028341829011","0.276579019073382"
"full_gland_088kPa","1.725","3032","0.400021641424799","0.569035259953904","0.393575019264308","0.393575019264308","0","0.569034998174198","0.255309150565822","1.63823886418624","0.551132103283606","0.550688247641802"
"full_gland_088kPa","1.73","3032","0.607260816121019","0.914522463203881","0.597648732440676","0.597648732440676","0","0.914522384531545","0.389811142152527","2.06372178618704","0.877893287405858","0.877580680093001"
"full_gland_088kPa","1.735","3032","0.827828263634619","1.27668963670476","0.814528633963252","0.814528633963252","0","1.27668963128777","0.532788368968848","2.48926239217917","1.22191791210759","1.22165772637924"
"full_gland_088kPa","1.74","3032","1.04763654702616","1.63158175477946","1.03035980052797","1.03035980052797","0","1.63158169517945","0.673985125327129","2.88771093966978","1.55948318940791","1.55918708266845"
"full_gland_088kPa","1.745","3032","1.25263233537249","1.95509238181484","1.23132378903355","1.23132378903355","0","1.95509211550214","0.804045368117037","3.22682463534272","1.8695495610874","1.86933366694105"
"full_gland_088kPa","1.75","3032","1.43044469910211","2.22868659888674","1.40534122139036","1.40534122139036","0","2.22868622961896","0.91551523457132","3.49271745498801","2.13526192716407","2.1346198902155"
"full_gland_088kPa","1.755","3032","1.56980678644504","2.43971538613516","1.5414514953379","1.5414514953379","0","2.43971516203907","1.00231426128603","3.68617888135619","2.34062293681861","2.34003079909164"
"full_gland_088kPa","1.76","3032","1.66072882941791","2.57837811332026","1.62992008164451","1.62992008164451","0","2.57837802752295","1.05928618021208","3.80124312683308","2.47395921399265","2.47370070010323"
"full_gland_088kPa","1.765","3032","1.69254034361884","2.63203418173688","1.66028960741","1.66028960741","0","2.63203412044738","1.08071177183213","3.80911817934186","2.52399079033346","2.52278399374855"
"full_gland_088kPa","1.77","3032","1.65785024945937","2.59081755517647","1.6252798804216","1.6252798804216","0","2.59081752615782","1.06263756014738","3.67038924160515","2.48357985419284","2.48005948068507"
"full_gland_088kPa","1.775","3032","1.55202555436964","2.44746914077161","1.52030300828484","1.52030300828484","0","2.44746913702613","1.00199640899861","3.34846921986136","2.34782253424011","2.33840197562924"
"full_gland_088kPa","1.78","3032","1.36998606817499","2.19274879523481","1.34031073292596","1.34031073292596","0","2.19274876303101","0.894406730685468","2.81303964532384","2.10569191604063","2.08881107270549"
"full_gland_088kPa","1.785","3032","1.10821246793992","1.81847461652916","1.08169865165367","1.08169865165367","0","1.81847449041422","0.736625023233784","2.05360776759962","1.74822259691","1.72458859241367"
"full_gland_088kPa","1.79","3032","0.765071306215796","1.34884340529427","0.742374213609432","0.742374213609432","0","1.31902165933536","0.527946170257343","1.08807000864602","1.2689733095116","1.23992921112981"
"full_gland_088kPa","1.795","3032","0.350758513060502","0.766957512518981","0.321462007723096","0.328232473788935","-0.0378625836033398","0.691735012209156","0.295721423680981","0.834118452872872","0.676616096802473","0.632980991234089"
"full_gland_088kPa","1.8","3032","0.19654184193589","0.399522476690308","-0.171631642658719","0.171631642658719","-0.38493412644478","0","0.247054264649821","1.51120081387664","0.352010601260723","0.33553142746318"
"full_gland_088kPa","1.805","3032","0.738611406301172","0.983347253547989","-0.728665104148659","0.728665104148659","-0.962000141269742","0","0.463935915627679","3.0012490990066","0.937907485770834","0.929678151369568"
"full_gland_088kPa","1.81","3032","1.35712726691526","1.84542978146025","-1.33945482111393","1.33945482111393","-1.84542964534622","0","0.824381579132297","4.60601689377844","1.81387944186446","1.81387921712023"
"full_gland_088kPa","1.815","3032","2.02059651719256","2.86951903291903","-1.99240853666831","1.99240853666831","-2.86951901518611","0","1.24420231017188","6.28627258693477","2.79143550982191","2.79130502109801"
"full_gland_088kPa","1.82","3032","2.71573124719787","3.95372073045274","-2.67558288186037","2.67558288186037","-3.95372072315424","0","1.69096144949277","8.0020382979881","3.82488054375746","3.82433773829263"
"full_gland_088kPa","1.825","3032","3.42676581540573","5.07029395516214","-3.37387250826933","3.37387250826933","-5.07029392751816","0","2.15000828184155","9.72605047343794","4.88892213463905","4.88773304141625"
"full_gland_088kPa","1.83","3032","4.13958308793757","6.19292217748453","-4.07366613787119","4.07366613787119","-6.19292214655106","0","2.60992726171724","11.4447337955259","5.95941211087873","5.95798550874654"
"full_gland_088kPa","1.835","3032","4.84101608197252","7.2976842003831","-4.76221868939388","4.76221868939388","-7.29768415977944","0","3.06133488849557","13.144929583028","7.01422359944855","7.01182385890229"
"full_gland_088kPa","1.84","3032","5.51853050026484","8.36215619615166","-5.4273596373976","5.4273596373976","-8.36215613795765","0","3.49598175012674","14.8144478305628","8.03223578218244","8.02910132559667"
"full_gland_088kPa","1.845","3032","6.15896272523165","9.36188791473518","-6.05626679757853","6.05626679757853","-9.36188782693582","0","3.90496740761741","16.4335662931047","8.99046759243355","8.98688825813466"
"full_gland_088kPa","1.85","3032","6.74936583920337","10.2726702909688","-6.6362867864831","6.6362867864831","-10.2726701340017","0","4.27947304169809","17.9662827065455","9.86563303853026","9.86155480773475"
"full_gland_088kPa","1.855","3032","7.27879383767697","11.0779697548617","-7.15658631808276","7.15658631808276","-11.0779695135549","0","4.61279714301791","19.3541941580166","10.6419246341923","10.6390877627292"
"full_gland_088kPa","1.86","3032","7.7300051330621","11.7570806351725","-7.60003148229569","7.60003148229569","-11.7570803598871","0","4.89572386909349","20.5088881545611","11.2988732820357","11.2967001605017"
"full_gland_088kPa","1.865","3032","8.08724984737009","12.2922532366972","-7.9511273112264","7.9511273112264","-12.2922529539572","0","5.12010442349229","21.4042824144634","11.816746380267","11.8145543297784"
"full_gland_088kPa","1.87","3032","8.33850265421569","12.6686649095049","-8.19813462149636","8.19813462149636","-12.6686646088958","0","5.27887993533572","22.0293156619691","12.1794288448109","12.1765746442873"
"full_gland_088kPa","1.875","3032","8.46875354228462","12.8640505092065","-8.32638579058064","8.32638579058064","-12.864050199432","0","5.36191042509559","22.3554656532994","12.3650235261358","12.3611817201696"
"full_gland_088kPa","1.88","3032","8.48021340191004","12.8804706912538","-8.33807008116973","8.33807008116973","-12.8804703944281","0","5.36932520722892","22.3864887539863","12.3766608747074","12.3736388654932"
"full_gland_088kPa","1.885","3032","8.36422546802362","12.7046979241979","-8.22465236390576","8.22465236390576","-12.7046976617757","0","5.29543226133902","22.0959371956696","12.2050950569401","12.2019197394879"
"full_gland_088kPa","1.89","3032","8.14162058233899","12.3684430609307","-8.00649526381969","8.00649526381969","-12.3684428206288","0","5.15404832213133","21.5388216089088","11.8808890784261","11.877787570725"
"full_gland_088kPa","1.895","3032","7.8124794092489","11.8709959028222","-7.68357218755048","7.68357218755048","-11.8709956706474","0","4.94575669011813","20.723102215956","11.4033460521587","11.4003636153197"
"full_gland_088kPa","1.9","3032","7.38849431773512","11.2278408104568","-7.26726861094233","7.26726861094233","-11.2278405754887","0","4.6780957708778","19.6849014745202","10.7865054196724","10.7838614349163"
"full_gland_088kPa","1.925","3032","4.37759684360099","6.50724727399427","-4.30778157355144","4.30778157355144","-6.50724702545367","0","2.75175379411257","12.4298906740188","6.26857263219427","6.26679138116476"
"full_gland_088kPa","1.95","3032","2.08936761889934","2.79115421965641","-2.06276170114466","2.06276170114466","-2.79115406553383","0","1.2680480805024","7.60388006841314","2.74911716348535","2.749116781426"
"full_gland_088kPa","1.975","3032","2.44041243188757","3.32673718437666","-2.40926219639197","2.40926219639197","-3.32673693603341","0","1.4889100850288","8.48874308877402","3.26242015972944","3.26241395921032"
"full_gland_088kPa","2","3032","5.05515507919116","7.56308358333649","-4.97411424673802","4.97411424673802","-7.56308349700395","0","3.18276063147506","14.2440852562155","7.278952244887","7.27804557282154"
"full_gland_088kPa","2.025","3032","7.79921229581345","11.9099801010923","-7.66548551337622","7.66548551337622","-11.9099798869115","0","4.95538245305637","20.334967244237","11.4253116962559","11.4211918977743"
"full_gland_088kPa","2.05","3032","8.35163711796215","12.7121759042286","-8.21296270421441","8.21296270421441","-12.7121755528788","0","5.29450924828857","21.907679367283","12.2183515309355","12.2135561922757"
"full_gland_088kPa","2.075","3032","6.12472792189053","9.19154043753533","-6.02511655473824","6.02511655473824","-9.19154009198145","0","3.85697402371741","16.9409476348783","8.85599028208903","8.85554987483479"
"full_gland_088kPa","2.1","3032","3.12506104337945","4.53895549191777","-3.08034398160278","3.08034398160278","-4.53895525395781","0","1.9462074188086","9.65191434471479","4.38917906612953","4.38879653413462"
"full_gland_088kPa","2.125","3032","1.86191358229101","2.42710017972879","-1.83981539387186","1.83981539387186","-2.42710009387865","0","1.12228847546434","6.97013256140908","2.39387000643729","2.39383287850785"
"full_gland_088kPa","2.15","3032","3.42176778388759","4.88200139690804","-3.37287264542757","3.37287264542757","-4.88200117000863","0","2.1107668643936","10.7128084246936","4.74702718451048","4.74659813427384"
"full_gland_088kPa","2.175","3032","6.47923110045371","9.83952514237638","-6.37297968493063","6.37297968493063","-9.83952509409446","0","4.10513786746083","17.5550248639461","9.46745829362044","9.46506751651518"
"full_gland_088kPa","2.2","3032","8.40319448879628","12.8460127294077","-8.25918631238239","8.25918631238239","-12.8460126484174","0","5.34374133024308","21.8458957279235","12.3152891635531","12.308896582708"
