time_s,mean_delta_w_mm,mean_abs_delta_w_mm,p95_abs_delta_w_mm,p99_abs_delta_w_mm,max_abs_delta_w_mm,min_delta_w_mm,max_delta_w_mm,mean_abs_delta_disp_mag_mm,p95_abs_delta_disp_mag_mm,max_abs_delta_disp_mag_mm,mean_delta_vector_mm,p95_delta_vector_mm,max_delta_vector_mm,mean_abs_delta_vm_kpa,p95_abs_delta_vm_kpa,max_abs_delta_vm_kpa
0.0,1.1600987645602431e-17,1.9404804234535457e-16,9.167116961577843e-16,4.1013316235971525e-15,4.839794804194067e-14,-4.839794804194067e-14,1.2495565581056222e-14,1.9368457311989147e-16,9.148792573377299e-16,4.8379713125915383e-14,2.0812523817391843e-16,1.0038671853799665e-15,4.8452919114183e-14,1.3450952466799662e-13,6.145684922502523e-13,2.7580713656144152e-11
0.025,2.759654154304586e-08,1.8155170313061506e-06,9.30986572094201e-06,2.515361257980242e-05,6.887770313832852e-05,-3.538284515271754e-05,6.887770313832852e-05,2.3496300309855807e-06,1.2243360889579625e-05,7.46124540369253e-05,3.3744492037653782e-06,1.4861003434327178e-05,9.275190237908174e-05,0.00025424277188453856,0.0011390132240121265,0.010610930193286336
0.05,2.598868341857771e-06,6.60096808534176e-06,3.0395683751996285e-05,8.0264007887996e-05,0.00023732550637523583,-0.00010208498638007534,0.00023732550637523583,8.114292162831806e-06,3.811617389118935e-05,0.0002487344233394873,1.2309710111302739e-05,4.425718953148443e-05,0.0003543760584516249,0.0012809659483996563,0.0040618776951151705,0.07824186966112692
0.075,8.097379946624581e-06,1.4190431492487397e-05,5.619753785798477e-05,0.0001433403682984871,0.0004308514620013026,-0.00018511060721085548,0.0004308514620013026,1.6692084630020225e-05,7.065989497972938e-05,0.00045245044312159944,2.6102904787717454e-05,8.38692362799551e-05,0.0006582914988052018,0.0029018600061068655,0.008018918569940366,0.19542996062487755
0.1,9.518493444601524e-06,1.795719528938506e-05,7.322148594689811e-05,0.0001894735860548759,0.0005616674433651066,-0.00024293995928148645,0.0005616674433651066,2.1155321473591416e-05,9.207154892634018e-05,0.0005967663425590104,3.5282117743093045e-05,0.00010790008976301448,0.0008609017481233048,0.0036806052406095787,0.0102657310579018,0.2475621954362609
0.125,1.1526851163370967e-05,2.0494953069327056e-05,7.991745471142936e-05,0.00021139617396545893,0.0006207377797117615,-0.00026559135778641706,0.0006207377797117615,2.402877806706939e-05,0.00010288470296235003,0.0006587196694903485,3.895117185920123e-05,0.00011714984394321171,0.0009417938170798729,0.0036973865077428564,0.010922417249276138,0.23636771940019186
0.15,1.4142215918799371e-05,2.4461082921558876e-05,9.186854483329328e-05,0.00024431938294311857,0.0007158121399150981,-0.00030472257302623627,0.0007158121399150981,2.830847689913083e-05,0.00011750288334114756,0.0007495292125653469,4.203866545118758e-05,0.00013417335023648786,0.0010723688555982593,0.00424994793471495,0.012495741124754371,0.27337121690092625
0.175,1.2835495627539257e-05,2.660209016751329e-05,0.00011498001596355294,0.00030479266208089013,0.0008986743929199166,-0.00038585958239627347,0.0008986743929199166,3.205343548989895e-05,0.00014463186536383736,0.0009512321768030636,4.855051333318489e-05,0.00016772197695013298,0.0013652379892355685,0.005552330915292939,0.01602923865974774,0.36260854309475293
0.2,1.742678799640796e-05,3.366226471719051e-05,0.00014023536214099973,0.00036912951464218693,0.00108898407402912,-0.00046951652156908546,0.00108898407402912,4.0182269748572955e-05,0.00017916237270148306,0.0011551665393705628,6.37756911310044e-05,0.00020764197234273676,0.0016642061629146532,0.006963166252106345,0.019879055060782327,0.46141215647108297
0.225,2.123898013458156e-05,3.853816049430525e-05,0.00015171541509753143,0.0004026340663937789,0.0011876706270765632,-0.0005096973485675541,0.0011876706270765632,4.5241621659772836e-05,0.00019518394353610187,0.0012507831898999537,7.457793441556557e-05,0.00022536167583274292,0.0018041853703814335,0.0074938622017647035,0.02116653491944516,0.49448511786258426
0.25,2.0184117394870153e-05,3.8683399887946285e-05,0.0001575494381008432,0.00042204830445192483,0.001241176265494507,-0.0005321069876625182,0.001241176265494507,4.572749233226862e-05,0.0002032893149433747,0.0013072703487793259,7.587627716922708e-05,0.00023043112384290264,0.0018727433584446497,0.007517446017101599,0.021882653422922033,0.48735194303968704
0.275,2.6347864279987232e-05,4.6137955719713434e-05,0.00017736767124746492,0.00046636250325215165,0.0013724170587980462,-0.0005883834439087066,0.0013724170587980462,5.390582954957435e-05,0.0002266561879819641,0.0014540510179690005,7.916879865590339e-05,0.0002588161742217997,0.0020779391050030137,0.00825539459800741,0.024141470290032913,0.5332991603662739
0.3,2.7585442539297614e-05,5.058220294069778e-05,0.0001987565978378211,0.0005327980643341922,0.0015667696375105743,-0.0006742034895810415,0.0015667696375105743,5.9438465128364416e-05,0.000252455372439663,0.0016503009383431059,8.729802420407455e-05,0.00029592527793918365,0.0023790235056651266,0.009857810628791201,0.027871942714569047,0.6491385144163322
0.325,2.849861677966016e-05,5.4084132780348e-05,0.00022426571856316572,0.0005884051418510054,0.0017338151980425655,-0.0007462636273959644,0.0017338151980425655,6.420841160567048e-05,0.00028637457977004495,0.0018368014660909366,0.00010281213913183692,0.0003268074242350403,0.002642816639828091,0.011007680072976598,0.03138025641413186,0.7285624502760897
0.35,3.778749174213549e-05,6.323282353372768e-05,0.00023112630423925657,0.0006134329269326538,0.001807455425261012,-0.0007758272468493151,0.001807455425261012,7.259201321345504e-05,0.0002992818244273968,0.0019129633092244264,0.00011630478456111116,0.0003439103925895683,0.002745355735301897,0.01112851211950048,0.03216176057501793,0.7256936998919824
0.375,2.721411190694925e-05,5.60757726288174e-05,0.0002387816599652402,0.0006373291928559752,0.001873273341300685,-0.0008050882539648355,0.001873273341300685,6.763951072289134e-05,0.0003032743891964879,0.0019740741063954906,0.0001115549678547607,0.0003456608614772121,0.0028334719247561316,0.011418044227885463,0.03295990187978845,0.7414404388302797
0.4,3.624529496135602e-05,6.582765181428017e-05,0.0002627423169677629,0.0006904630972063561,0.0020323363091788124,-0.0008704095565038471,0.0020323363091788124,7.694537462763191e-05,0.0003306916890265758,0.0021460064514192763,0.00011406045652279293,0.0003888926353838871,0.0030783407664942445,0.01256801319055953,0.03571171902783752,0.8236841425676364
0.425,4.483041009666371e-05,7.623334432565099e-05,0.0002884309771219029,0.0007561751890550357,0.002236830032580127,-0.0009631883544858685,0.002236830032580127,8.848600990899874e-05,0.0003737123219641485,0.0023716786803635714,0.00012917939571874772,0.0004157076763578764,0.0034058876314746944,0.013865203221061077,0.040081119356341746,0.9050506446660893
0.45,3.856716340953361e-05,7.36839345099622e-05,0.0002994753119812745,0.0008024259267331363,0.0023666023988577495,-0.0010170868589498225,0.0023666023988577495,8.736872230206093e-05,0.0003865174412260056,0.002497004068051546,0.00014188856880855091,0.0004492660311093269,0.003596772566881511,0.015020508100662775,0.042392023634646815,0.9954455370864426
0.475,5.025049963970896e-05,8.408232644933867e-05,0.00031327781933723,0.0008221201443625056,0.00242258193288816,-0.0010381414620306332,0.00242258193288816,9.673788336704701e-05,0.0004058108398408552,0.00255724216089928,0.0001560858857903153,0.0004609867975736167,0.003675455710056944,0.014877959780995017,0.042737081010737185,0.9688677614938197
0.5,3.445758593312633e-05,7.41350189072021e-05,0.0003226123619655036,0.0008579663822236415,0.00252414175710389,-0.0010839181764930239,0.00252414175710389,8.969645204324735e-05,0.0004135152488278675,0.002672988639227183,0.00014656892178502,0.0004722810119273733,0.0038249591091812237,0.015310981904195572,0.04450190528707685,0.9929812981438441
0.525,4.0253467345459575e-05,8.089856355951473e-05,0.0003437636163489521,0.0009165397553447722,0.002695010160446744,-0.001155660569654584,0.002695010160446744,9.697349932776095e-05,0.0004341640093904136,0.0028416937539847698,0.00014770670056123521,0.0005025454828975288,0.004087288914917403,0.016817568854599407,0.047786104581577046,1.1043419616900647
0.55,6.716339725532383e-05,0.00010571422617340788,0.0003734013279960922,0.0009687343806479164,0.0028971579402808857,-0.0012438600523513599,0.0028971579402808857,0.00012033658145773229,0.0004762069457186153,0.003061104399161899,0.00017271863803755246,0.0005458648187511913,0.004402075698909214,0.018135506937293756,0.051611320065623946,1.191801478185867
0.575,5.2416131718039404e-05,9.627586274621037e-05,0.0003794888265308255,0.0010187623981391845,0.002988058538310327,-0.0012861701843362423,0.002988058538310327,0.00011348004683585784,0.0004882873211395792,0.003173596575383635,0.00018382431782333424,0.0005614563035892961,0.004558282299857165,0.018587123197695447,0.05342064209330371,1.2187601476895762
0.6,5.499433740914453e-05,9.951848728733863e-05,0.00039121230154550395,0.001034439309581096,0.0030453885846796203,-0.0013070792442043038,0.0030453885846796203,0.0001163841321579109,0.0005096608566960828,0.0032112194803086093,0.00019128040190442288,0.0005717557675754574,0.0046115067188907816,0.01878624106712735,0.0535349936227242,1.2269390081190683
0.625,4.52461428490928e-05,9.425475848075436e-05,0.00040280492971713736,0.00107881383035385,0.003176175352108618,-0.0013604300209178548,0.003176175352108618,0.00011338141732091025,0.000515857554187133,0.0033522962292960347,0.00018111246048324969,0.0005897456698894765,0.004809556799747134,0.019456396893493943,0.05572903472196241,1.2682551131316921
0.65,4.2863600533137005e-05,9.620817481353993e-05,0.00042373303400806755,0.0011448348574915244,0.0033679066664521994,-0.0014492144230849658,0.0033679066664521994,0.0001175404155527744,0.0005466056349642215,0.0035543273778567168,0.0001823682110650443,0.0006369284377986276,0.0051104876758091295,0.02091036540132336,0.06002243289653228,1.3683539637963322
0.675,8.400403478506946e-05,0.0001318987427669373,0.0004568774434186954,0.00120045694593753,0.003534869185713987,-0.0015213678220153193,0.003534869185713987,0.00014963265154002313,0.0005852072186590617,0.0037387570339063032,0.00021455844843822246,0.0006603491744481676,0.005373570931638633,0.02222850885776733,0.06331039747176753,1.4656590829323717
0.7,6.688715869198953e-05,0.00011837836833515401,0.0004689029270746624,0.0012272897999782617,0.0036152545914894633,-0.0015496383689488427,0.0036152545914894633,0.00013821074621134482,0.0005986797860162737,0.0038192317320671952,0.00022606625505348544,0.0006853984513016373,0.005490243109424413,0.022402333119625178,0.06397132389329828,1.4649840349215442
0.725,5.771403795852381e-05,0.0001138257635714047,0.00047196685672743844,0.001252955411760568,0.0036788881717800606,-0.0015810775925731652,0.0036788881717800606,0.00013535078133354713,0.0006102259573394905,0.003890188159152801,0.00022584693417520275,0.0006856177041500424,0.005581071598389345,0.022519342618189768,0.06475976547287093,1.4667093273275154
0.75,5.548252559241295e-05,0.0001145153747375027,0.0004875610802388799,0.0013028498332995724,0.0038284575274647446,-0.001644939714940465,0.0038284575274647446,0.0001378621301699734,0.0006254048471755494,0.004046676655188974,0.00021454702280778042,0.0007131038211665801,0.005807689974750957,0.023666183008092416,0.06757330712392587,1.5471821007656439
0.775,4.164531992234139e-05,0.00010866721254208866,0.0005077741906436046,0.0013716864146536216,0.004036699640901786,-0.0017372535054431461,0.004036699640901786,0.0001354354542693418,0.0006569840763466004,0.004256432152695473,0.00021851203951913425,0.0007663100153883927,0.006126499376348048,0.02522156866677593,0.07186243802410379,1.656484965722297
0.8,6.117175746562209e-05,0.00012539083409649816,0.0005312636206360476,0.001418377215166208,0.004169450897967882,-0.0017948200696197181,0.004169450897967882,0.0001506498700858436,0.0006859154473693824,0.004408295874287977,0.00024265088827550856,0.0007770949266436985,0.006337798091479168,0.025979943685519,0.07424316544583898,1.7039805960640941
0.825,0.00010119725447385835,0.00015779794678351768,0.0005513750614449568,0.001432488912806443,0.0042324380607738086,-0.0018142809238139894,0.0042324380607738086,0.00017840557128691076,0.0006929955958488273,0.004476677493567109,0.00027456455896335345,0.0007988249872898278,0.006427626471494178,0.026199386444578344,0.07483484533794837,1.7145908830135086
0.85,9.381118282196796e-05,0.0001536438854341074,0.000561384485628656,0.0014695521959070936,0.004326069646324487,-0.0018539490008867283,0.004326069646324487,0.00017559512350169066,0.0007170543449891979,0.004573153671587945,0.0002684626998606293,0.0008158708990370513,0.006558361710657271,0.0265902901191306,0.07613322642559284,1.7346281483345274
0.875,6.802457644499619e-05,0.0001364585380658175,0.000570143364885726,0.0015300531945538283,0.004496355252331234,-0.0019332636768940091,0.004496355252331234,0.00016337803510383495,0.0007253995304519267,0.004747674169755816,0.000250831573839611,0.0008389274883885848,0.006821569634510158,0.027766021737634563,0.07920968528484278,1.8139451137002363
0.9,0.00012481189661918044,0.00018606887312469834,0.0006076615327611489,0.0015802418928099861,0.004690030774921061,-0.002011101931114894,0.004690030774921061,0.00020902180272053877,0.0007719226402416885,0.004957824098450329,0.0002860536090065311,0.0008791204010951801,0.007120805811382296,0.029308132243202934,0.08378903380564952,1.926678642218465
0.925,7.347352559697971e-05,0.0001460496931955105,0.000616121456879976,0.001632699420354791,0.0048042440731766445,-0.002066587124497813,0.0048042440731766445,0.00017433015840925625,0.0007905311078316858,0.005079794117513402,0.0002833457840276811,0.0008973516905107252,0.007301402534726714,0.029950749062453475,0.08556442704327422,1.9647356502829938
0.95,6.438791254531578e-05,0.000140417255924723,0.0006227949598633374,0.0016561967218553,0.004860559377213093,-0.0020899237093215833,0.004860559377213093,0.00017052613016141374,0.000804340670031307,0.0051349877427001945,0.0003000233248389193,0.0009086181865538163,0.007378143487907192,0.029940765145235044,0.08564977930543441,1.9540904366070067
0.975,0.00011171577917197126,0.00017962248611679368,0.0006434675981320093,0.001687915705378845,0.004970014773152077,-0.002129432993246258,0.004970014773152077,0.0002044842022625245,0.0008199842832130003,0.0052518264766311185,0.00030708818063412047,0.0009347526888750789,0.007535440512098565,0.03064523686348695,0.08746244550617761,2.0022392748077373
1.0,8.353314266644679e-05,0.0001599191386407122,0.0006615464665979255,0.0017526491065239253,0.005159217551179134,-0.00221675859257578,0.005159217551179134,0.00018984863244977672,0.0008551074143310934,0.005456072938256058,0.00028795648768478266,0.0009673825337067945,0.007833896767781835,0.0319542634095951,0.09159597627259765,2.0910352164151083
1.025,-5.593631063011789e-05,0.00018841175808514474,0.0006830847078692979,0.001754408600509825,0.005263218154746526,-0.0022802095751116714,0.005263218154746526,0.0002301237154993184,0.0008755723959147452,0.005541376472680307,0.0003182000487653382,0.001010410713204572,0.0079981362257074,0.033123106120611256,0.09442624864089096,2.1749530019861836
1.05,0.00010019018815809165,0.00017460960905652388,0.0006717330617016775,0.001764914495445968,0.005192569168389286,-0.0022309099616844375,0.005192569168389286,0.00020322737330249327,0.0008596427066611928,0.005493358050331215,0.00032072824906018816,0.0009867971574389252,0.007897666892976073,0.032557380251281805,0.09268024168004592,2.143598141808587
1.075,0.00017610337902639216,0.00023792623165354692,0.0006705455259551039,0.001702161163720915,0.005071523449170015,-0.002168715698355273,0.005071523449170015,0.00026096455911561164,0.0008534529405502437,0.005369086005750558,0.00035818270016634024,0.0009518864147933769,0.0076880204896581355,0.030893946709788678,0.08937475438458913,2.0054182259957227
1.1,0.0002213737041695495,0.00027732264716528185,0.0006899311813493514,0.001706007670581799,0.005071285733683234,-0.0021575963538494132,0.005071285733683234,0.0003001092745285972,0.0008532874633802407,0.00536786154255452,0.0003745262566466141,0.0009753417994745597,0.007680913047912785,0.03100006422859315,0.0892262549021377,2.014159962040629
1.125,0.00010638280044741477,0.00017997860596680423,0.0006553422423369137,0.001766229549602483,0.0051933528911099315,-0.002234528043207893,0.0051933528911099315,0.0002083506084071549,0.0008486771231600534,0.005477654618269193,0.00029596305313602265,0.0009680685339504197,0.00788018797446878,0.03257535260744332,0.09239113987915139,2.1454998704066273
1.15,0.00017865836405204884,0.00024103763821242203,0.000699088714606984,0.0017716047245875863,0.005279804033170896,-0.0022621829660343586,0.005279804033170896,0.0002638738748732687,0.000880454103871697,0.0055969296685919115,0.0003484497020455523,0.0010079963391030587,0.008035532069808306,0.03297750880960673,0.0950580650462294,2.1635862826502272
1.175,0.00011321142821147475,0.0001852528960450914,0.0006671744580902552,0.0017502900613407509,0.005161181901428761,-0.0022128725890219244,0.005161181901428761,0.00021254167100685269,0.0008499591460812092,0.005461364291389813,0.0003316254910565377,0.0009819637298820272,0.00784267345593553,0.03207390013273574,0.09139924193214319,2.1039745372484586
1.2,0.0002893724035026618,0.00033903349257918456,0.0007299865560659704,0.0017427345456746013,0.0050521877115096035,-0.002143841856816974,0.0050521877115096035,0.0003607966390131449,0.0008663651514267547,0.005341103882488185,0.00043757128451041354,0.0009815940010884337,0.007646732084216336,0.030906060618818617,0.08838424512379196,2.0064813075733423
1.205,9.013033201010552e-05,0.0001628971936539746,0.0006425603658316691,0.0017123430030570488,0.005032690427988573,-0.002156588888900762,0.005032690427988573,0.00019035744894248865,0.0008277589094850049,0.005310956283828398,0.0003117814905524363,0.0009391657036070621,0.00762195405045038,0.0307551828790528,0.08836758539813092,2.0008809301457933
1.21,0.00021929911030174476,0.0002747560793152937,0.0006836002516553199,0.001692881056203775,0.005046320082217952,-0.0021455260946556063,0.005046320082217952,0.0002964406673570892,0.0008569590279982305,0.005339986793981635,0.00037791265187642745,0.0009707872689621053,0.007643323206114158,0.030774701963494223,0.0887163279695019,1.9992159354972656
1.215,2.286746667444942e-05,0.00012658620566645718,0.0006461263557565865,0.0017126797836319052,0.005043220919604536,-0.0021668443020057566,0.005043220919604536,0.00016389448232611878,0.0008205508954986172,0.005328221967396423,0.0002929235778542178,0.0009495852304877077,0.007645342399813317,0.03082742888679872,0.08876595809415423,2.0042420855185292
1.22,0.0001411389358371686,0.0002063160281954955,0.0006585823990748706,0.0017157647988793345,0.005074147109609988,-0.0021683334434570737,0.005074147109609988,0.00022986694412360857,0.0008458298261018399,0.005371366425742775,0.00032009386999293216,0.0009542347267328046,0.007691636797276774,0.03099661717077976,0.0892918525684567,2.017386634663053
1.225,0.0001803038284226073,0.00024151050449458457,0.0006681218590686294,0.001712752221544847,0.005101327374039042,-0.0021797189362700482,0.005101327374039042,0.0002647033536303981,0.0008468417912678376,0.005404404640552054,0.0003426541062664986,0.0009676676104714149,0.007733438102968212,0.031235466207787745,0.09005150209590153,2.0342412793660243
1.23,9.054982754385736e-05,0.0001654264993908347,0.000653448745598257,0.0017415635740101905,0.00512557351965885,-0.0022011505385433157,0.00512557351965885,0.00019467156051929517,0.0008415552614540934,0.005425684021942261,0.000289229457559586,0.0009656138843399927,0.007779054754732856,0.0315355837852193,0.09043588628891418,2.0582887762500253
1.235,9.445542053838747e-05,0.00016925129904178071,0.0006584685840812861,0.0017527372976220788,0.005155228122473996,-0.002216797922775034,0.005155228122473996,0.0001987357762347198,0.00084360354146969,0.005458294356154537,0.00028840899927924944,0.0009650026400339382,0.007828717014706587,0.03186932644337149,0.0914955358229143,2.0836078097923934
1.24,9.812775411910632e-05,0.00017219458354106098,0.0006607237628664625,0.0017593187456606616,0.005187017096884973,-0.0022291778205963775,0.005187017096884973,0.00020159962409933924,0.0008483937872164675,0.005491181012196327,0.00029003758333790005,0.0009641984748519987,0.007883021288024117,0.03222034048569487,0.092526458872439,2.1104315604719637
1.245,7.298502515724775e-05,0.00015376404703641938,0.0006606436043330492,0.001772668513357403,0.005212506462135485,-0.002245662037658584,0.005212506462135485,0.00018645824351416084,0.0008447280851714018,0.005512964360572732,0.0002793365583445413,0.0009744447149072836,0.007922509768366405,0.03253845243467442,0.09330067053124767,2.134956461206777
1.25,0.00014162531292704754,0.0002030160814739601,0.0007139157359438874,0.001739453671664974,0.005281544008013108,-0.0022249554415029304,0.005281544008013108,0.00022573701176637119,0.0008816290602257131,0.005595878775624483,0.0003171815085841423,0.0009988470361637948,0.008015608446839899,0.03291299699769329,0.09407460513524313,2.1581771724373446
1.255,-5.149836617924687e-05,0.00017548018924378614,0.0006939649121528033,0.0017155814365149885,0.005273994580654923,-0.0023201197536285,0.005273994580654923,0.0002121386040984287,0.0008547556052538593,0.005540009832578387,0.0002954987020219663,0.000997730663148211,0.008000737694654153,0.033180719176171006,0.09498764027185289,2.177680025275743
1.26,0.0002607977232324306,0.000312303007980568,0.0007781440462008948,0.0018458617819448351,0.0054462544626448185,-0.002303160281049983,0.0054462544626448185,0.0003315957223503496,0.0009625705008614939,0.005753799148088467,0.0004081532938193114,0.0010624268560215965,0.008230774309531704,0.03365593100874203,0.09512766925890676,2.1990609094821387
1.265,0.00019668103368310124,0.00026215307489929184,0.0007269893250690272,0.0019117601645599557,0.005582504263869771,-0.0023953517567423116,0.005582504263869771,0.0002872516980600854,0.0009059376965614812,0.005873866259243038,0.0003676804803477437,0.0010434410027289874,0.00840351787350478,0.03417959910520402,0.09819552298143205,2.2235972521997502
1.27,-0.00023019673649906657,0.0003437661274509925,0.0008525556232174144,0.0018872661674498585,0.005797337846569444,-0.0026490221268177065,0.005797337846569444,0.00038763159875451606,0.0010143922221906253,0.006063450246622049,0.0004568926746217504,0.0011715824735517451,0.00869968079135287,0.03521984978782803,0.1008962183044867,2.2631191049983075
1.275,-0.00023827423198983686,0.00036442660812030937,0.0009131359403176607,0.0020530501231248604,0.006100406715117083,-0.0027196748064984254,0.006100406715117083,0.0004140707516930677,0.00108870038727102,0.006394653718779365,0.0004888474939403188,0.0012651038190699328,0.009146949331156014,0.03645909211432683,0.10765709908727294,2.324825306727345
1.28,-0.00015438311549048427,0.00030276555063335714,0.0009030612329084069,0.0021705919720096094,0.006451598894039677,-0.0028034853678210285,0.006451598894039677,0.00035488054788754384,0.0011124857448806154,0.006792283524441431,0.0004488231999711881,0.0012609764511240594,0.009680543134845307,0.03790697801204865,0.1138700516811423,2.409698696867646
1.285,-1.756036528680392e-06,0.0001868826207539128,0.0008697913697117312,0.0022923718632986557,0.006839822459834796,-0.002921022719783162,0.006839822459834796,0.00023817768193014563,0.001112779867828528,0.0072343770722534725,0.00039101175929876614,0.0013049253428313468,0.010286656166123242,0.039679362678493715,0.12005570049449985,2.5211459554039988
1.29,0.0001634169291400715,0.0002695991714630609,0.0009286921935343703,0.0024531922885231193,0.007256512594074961,-0.003085572416515448,0.007256512594074961,0.00030979647807537295,0.0012059630931478959,0.0076944248125188595,0.0004436470511384961,0.001346994752974332,0.01093855914442895,0.04193345602472562,0.1270825026574794,2.6627868956996026
1.295,0.0002660946373214011,0.00036841993963119114,0.0009918981640948676,0.0026065735462825405,0.007691868570121796,-0.0032751621701648413,0.007691868570121796,0.00040956000953483413,0.0012815399168672823,0.008145417367481922,0.0005338869112929934,0.0014382929978560195,0.011606352578056593,0.04468230188958137,0.13429370439403157,2.8380969960674376
1.3,-0.0002462346731018531,0.0004432880329058344,0.0010858362360302218,0.0026993570410989843,0.008114141095626757,-0.003501412184399018,0.008114141095626757,0.0005184085523365518,0.0013476169003900176,0.008550341329287498,0.00065004768627787,0.0015616653911387358,0.012272097268059794,0.04819701277824312,0.1417555713808673,3.055332781171882
1.305,5.5927469410191164e-06,0.00025058480026516266,0.0010988438904245815,0.002938289440555244,0.008579013197026954,-0.003694575923164135,0.008579013197026954,0.0003176806048463836,0.00139065509035547,0.009053895501544632,0.0005224090226399405,0.00162153943826792,0.013005810298859085,0.05148091138791124,0.1505347120968971,3.306732980296224
1.31,0.0001569853920958424,0.00028622644023662097,0.001155207116041441,0.0030769837827413007,0.009035769963345805,-0.003888107810804569,0.009035769963345805,0.00033413166718831533,0.001472203853655477,0.009545355479218887,0.0005416234141720018,0.0016835218150535363,0.013734915221158151,0.05517885003412599,0.1602059774231092,3.5793567889167863
1.315,0.00013123320734924324,0.00027831128977968993,0.001195865646323864,0.0032247228183021354,0.00948026386831958,-0.004080919845730782,0.00948026386831958,0.00033660590382263877,0.001535053852051054,0.0100051993669136,0.0005590154920072596,0.0017626994005870325,0.014436269503480897,0.05907666474536443,0.1701524263431086,3.863711223690738
1.32,-4.383496608403689e-05,0.00031487373462977966,0.0012706431040048574,0.0033579328413207436,0.009907733103980054,-0.0042741044175373,0.009907733103980054,0.0003944137720601327,0.0016041146326713472,0.010426581299167775,0.0006093403735301157,0.0018825990654484828,0.015094520633149495,0.06311362315546983,0.18117197118012768,4.154096376646874
1.325,-0.0002591398303783495,0.0005110721776314938,0.0013864873641437985,0.0034689067068277217,0.010299851667867704,-0.0044683973294886315,0.010299851667867704,0.0006029118072438724,0.0017166650057364044,0.010813407076380559,0.00077500719479987,0.00202363901597302,0.01569918378680751,0.06721682451118546,0.1905885231733664,4.449198688022001
1.33,-0.0006596931483645751,0.0008818819414456741,0.0016122842261848296,0.0034829162667261676,0.010606462023013408,-0.00466840790011038,0.010606462023013408,0.0009914101577506388,0.0019582700552093894,0.011131278930441732,0.001134770352844831,0.0022205019634634676,0.01621606900774772,0.07142397092426438,0.1965968501682855,4.735277057635405
1.335,0.001061795809217666,0.001147265800462022,0.0018383641443546134,0.0038592191265129504,0.011007015833455258,-0.004685989171394466,0.011007015833455258,0.0012049378744432575,0.0021414730191003993,0.011722826114903299,0.0013354588375694913,0.002328488429118554,0.01686120120822264,0.07399183229732492,0.20066606084601715,4.957808653712793
1.34,0.0010212248687038303,0.0011090302471496712,0.001828864181498816,0.00392748851273093,0.011253286877262854,-0.004793657553330802,0.011253286877262854,0.0011675014135904464,0.0021592031484086558,0.011993126582006668,0.0013022723922761787,0.002341835972024909,0.01724328387441278,0.07546724319078946,0.20569881962222625,5.066485065621971
1.345,0.0009417760584190384,0.0010337310483170706,0.001838426334598518,0.003949360204904936,0.011432131102504635,-0.004863582269793712,0.011432131102504635,0.0010902426301761421,0.002120395797472603,0.01217535826117985,0.0012275337403818973,0.002371476389898103,0.0174947287728922,0.07555892544150059,0.20860244347718712,5.058256520371801
1.35,0.0008346161830849767,0.0009330226171342474,0.0017680962761032612,0.003958762867707637,0.011539548625353344,-0.004907453477573918,0.011539548625353344,0.0009862706106294186,0.0020816023273321415,0.01226948462962796,0.0011291745260607092,0.002346765941839428,0.017618357900883338,0.07471424716122622,0.20998660570168548,4.968721822433796
1.355,0.0007188140024744149,0.0008249141336332874,0.0017164967692651334,0.003980046009665152,0.011590689735631148,-0.0049373900052971514,0.011590689735631148,0.0008748913938985145,0.0020542930169950304,0.01229964568604967,0.0010282413225567754,0.0022523967831160957,0.01765453847658213,0.07342343162646858,0.21064830136608428,4.834422367865939
1.36,0.0005840899519322184,0.0007002529217540454,0.001634129126111904,0.004010701778889955,0.011575856541789425,-0.004948369822865265,0.011575856541789425,0.0007475687738714445,0.00196718806507144,0.012285220342195886,0.0009175523928936966,0.002269011818634487,0.01762990682376004,0.07200772590871643,0.2100560108993724,4.6926282197827
1.365,0.0004564647285979754,0.0005842840159407447,0.001534057614105668,0.003907474836683898,0.011514710746457957,-0.004931260846078417,0.011514710746457957,0.0006306428670362987,0.0019121921034453942,0.012228637729185627,0.000821704402798354,0.0022269219275458277,0.017539778248733685,0.07084642179999608,0.20803259498548077,4.585310052998995
1.37,0.00036992769011287834,0.0005082020201738497,0.0014872334182820272,0.0038653524580159696,0.011432270933693688,-0.004894723140857333,0.011432270933693688,0.0005568680414083515,0.0018986012477582872,0.012136034114933365,0.0007637556136484287,0.0021915158243652534,0.01739715393537585,0.06993132071677995,0.2037263787352108,4.52289596151161
1.375,0.00032033965121222076,0.0004656723819105524,0.0014656049846018399,0.003811424302758791,0.011327399050976503,-0.004852786099697774,0.011327399050976503,0.0005185600297296993,0.0018669824752414767,0.012020284106314168,0.0007300796978101088,0.002116707340491465,0.017221707772719086,0.06913613272253044,0.20012802434732552,4.4830504933552096
1.38,0.00020170893534474077,0.00036323866818567605,0.0014367741165809652,0.0038057891177033813,0.011215067660377701,-0.004796548310013007,0.011215067660377701,0.0004266653754433536,0.0018197780736929272,0.011887238123835242,0.0006698329328081315,0.002102781828017884,0.017029011069390754,0.06837227147532268,0.19723248024198706,4.441732338739511
1.385,0.00017778245659432802,0.00034600278788841134,0.0014340979335752296,0.0037505932196833596,0.011131277223544522,-0.004745485849922152,0.011131277223544522,0.0004128333709179139,0.0018009659704095631,0.011762011905247635,0.0006590650956107308,0.0020700290041453613,0.01685170648949432,0.0675915552729493,0.1941438280411772,4.390004322248329
1.39,0.00016198614781013184,0.00033697519505440334,0.0014215948886143253,0.0037571568618811097,0.011077623335222756,-0.004731581759405412,0.011077623335222756,0.00040584243963218705,0.001821861425305419,0.011656191969094997,0.0006512004460526928,0.0020772778826516395,0.01670654427617722,0.06689771061163301,0.19307238571551283,4.339634099134134
1.395,0.00013026840334901386,0.0003160432080141798,0.0014130155895911687,0.003767688357119172,0.011043950720316786,-0.004739016012206992,0.011043950720316786,0.00038857934469662856,0.001817269241296842,0.01158321775782253,0.0006407595971024784,0.002092904659763774,0.016609022860779622,0.06648024347284975,0.1933242643402267,4.303200415830599
1.4,-1.9625479322776182e-05,0.00031783871166426883,0.0014122843376518648,0.0037292662457546906,0.01102084740864297,-0.004751175003618146,0.01102084740864297,0.0004020576348897931,0.0018011611382302874,0.011546522742460512,0.0006435456315020797,0.002077342368902228,0.01657791126496256,0.06648221037114249,0.1931815200864088,4.296022035117998
1.405,-4.068157550423571e-05,0.0003343735835772373,0.0014129569435001028,0.0037016690278582607,0.011039423176418617,-0.0047506389394596435,0.011039423176418617,0.0004181427054186729,0.00177456252782608,0.011584521220122214,0.0006462399273652401,0.0020838202050017613,0.016642066519543485,0.0668632228728934,0.19370271444199424,4.321720423413633
1.41,-6.691168956623641e-05,0.00035719794892737024,0.0014199085726421513,0.0037024739225012637,0.011103306420673819,-0.004776711421867661,0.011103306420673819,0.0004419443939550268,0.0018182518915324788,0.011670310011459295,0.0006563976432852394,0.002090518525445452,0.016776149056884102,0.06765524623683654,0.1961976208268644,4.380939332395654
1.415,-2.4921454770912447e-05,0.0003287190476345443,0.0014296653329205528,0.0037987240818096652,0.011199677923445936,-0.004829608730353807,0.011199677923445936,0.000413466960343856,0.0018171394095323834,0.011801275080181809,0.0006420195639271723,0.00211477693423341,0.0169619519847109,0.0687205791345699,0.1966059769345672,4.467874748396167
1.42,-9.586223569004882e-06,0.0003219165089395593,0.0014325271197781022,0.0038339314063480815,0.011309446814449842,-0.00488506047993339,0.011309446814449842,0.0004089302290742229,0.0018312702361837445,0.011938207902186644,0.0006433147566641247,0.0021314641715696955,0.017159447569051547,0.06994488038317494,0.20013566677601688,4.566994830194956
1.425,2.588716751660769e-05,0.00030156293940440687,0.0014451011757408354,0.003878555779252,0.01143821171395085,-0.004934176642313465,0.01143821171395085,0.000389792254344614,0.0018685126427394863,0.012068161166288059,0.0006421533321199175,0.0021546472569331466,0.017351700698901917,0.07117830453273552,0.2039061575772229,4.663685502716686
1.43,0.00010115613701894772,0.0003017946070286116,0.0014578207406194547,0.003920281351096747,0.011559496414684494,-0.004975785829114832,0.011559496414684494,0.0003819072589953068,0.0018950807521476549,0.01221039638451887,0.0006475359817021356,0.0021693488541547844,0.017556566861599513,0.07237551826961583,0.20807167833758677,4.756228820327187
1.435,-2.8813201194049386e-06,0.00032857128102055854,0.0014824135836419884,0.003936938011734059,0.011625268707125694,-0.005019500427047119,0.011625268707125694,0.0004202444338404148,0.0018976709513447102,0.012333548977679836,0.0006727741988543975,0.002226079049462716,0.01775608315447313,0.07354380743360775,0.21234807285934082,4.843451596394807
1.44,0.00012791320091609857,0.00032070186853043665,0.0014985811940447064,0.003966671965436521,0.011672708792499417,-0.005037255989699814,0.011672708792499417,0.0003988339444328014,0.001918738987809111,0.012435894351975493,0.0006690263839035347,0.0022351686981749545,0.017907158490263028,0.0743853928418552,0.21288872618240265,4.915693140839444
1.445,0.00034099229769230714,0.00048751445751354315,0.0015191529954050374,0.003943456626494761,0.011682232835390617,-0.005044648021234331,0.011682232835390617,0.0005420005164888268,0.0019505852045598004,0.012428146161436886,0.0007575819104297203,0.0022488456117454813,0.01789630164950016,0.07488493762106858,0.2134588229443982,4.963000082179587
1.45,0.0006418101768295852,0.0007589456086934567,0.001661939002692377,0.004052277899565314,0.011651967428596869,-0.005006185243571404,0.011651967428596869,0.0008071776749051454,0.0020382379944621516,0.012357946857478874,0.0009728068619898825,0.0023053522659157565,0.0177777649654877,0.07504773390831487,0.2132236415362135,4.976046163258068
1.455,3.002228713651964e-05,0.0002992377387490693,0.0014459233795813067,0.0038862455744578892,0.011468845524292337,-0.004986618295147512,0.011468845524292337,0.00038739572236432375,0.001876467292333348,0.012112850142837524,0.0006749821555010742,0.002189101540047826,0.017511016309912104,0.07429567339736122,0.21069315402602204,4.943009008307266
1.46,0.00033731989236253373,0.00048039023735954,0.0014574565484518852,0.003735134129088402,0.011268248444220967,-0.0048521017831755974,0.011268248444220967,0.0005345509174051248,0.0018117438169358985,0.011958090088843784,0.0007468874527894059,0.002126403938850018,0.017255605443906315,0.07298124314383646,0.20675219271460818,4.861514243775055
1.465,0.0006562252587959327,0.0007592426099558117,0.0015646219699848147,0.003793412127831382,0.010997644742523046,-0.00468808266313478,0.010997644742523046,0.000806508650075957,0.0019368892980300022,0.011712338432557463,0.0009673913205959566,0.0021740585884005943,0.016867921585273303,0.07120043697141011,0.20097978337288866,4.7327647638372605
1.47,0.0009316406865645263,0.0010108392609925094,0.0017420829204758306,0.003754403733685845,0.010661108424716388,-0.004497863313100378,0.010661108424716388,0.0010575029392624552,0.0020164825184618355,0.011350991749494301,0.0011914650356386067,0.0022220744865622945,0.01632370180298976,0.06892887054852134,0.19238984553465419,4.556027454869911
1.475,0.00022104714322372548,0.0003617964446807341,0.001341170828272625,0.0034284794757831385,0.010188270445778082,-0.004359888158523239,0.010188270445778082,0.00041806452131122433,0.0017046541176356802,0.010702438835675284,0.0006590656427802517,0.0019702828619188833,0.015508062647861086,0.06531230179238957,0.18454269679789984,4.336253259107332
1.48,0.0003589605276393988,0.0004724085613617265,0.0012949536454537193,0.0032704077286776615,0.009746960215216947,-0.0041609471004008325,0.009746960215216947,0.0005146851919993057,0.0016271250265152833,0.010181032629078641,0.0007065181387395673,0.001886343425549696,0.01473039609598928,0.061942913915181794,0.17498254187156861,4.0955572480851785
1.485,0.0003296481534155358,0.00044379900614288897,0.0011858677759885108,0.0031526023117722447,0.009273485461594986,-0.003979102464962551,0.009273485461594986,0.00048822637323725845,0.001540357698665513,0.009679170452723835,0.0006711787675618794,0.0017606285815916294,0.013964704145226362,0.05838995102851881,0.16457354352253026,3.844240027314921
1.49,0.00041482467490380325,0.000507185419436557,0.0012101447797234662,0.0029669864325473057,0.008814411106194823,-0.003758814676181198,0.008814411106194823,0.0005408962760186738,0.001510774900583248,0.009285358687493271,0.0007008015521867064,0.0017264504014977893,0.013314717306025865,0.05475718991825219,0.15607268199671065,3.5834328865321665
1.495,0.00027831897727952494,0.0003800830564178649,0.0010890137424226021,0.002823109556712169,0.008321773912222764,-0.003564230598845095,0.008321773912222764,0.0004193110755569739,0.0013840614252668786,0.008846756068247794,0.0005815361043278335,0.0015676659621750265,0.012638890322245811,0.050998194800498525,0.14795641137925855,3.315800498987971
1.5,6.400972083170694e-06,0.00021229861782624365,0.0009836163770726815,0.0026110453961977467,0.00785223083516395,-0.003383010120489385,0.00785223083516395,0.00027121563135548433,0.0012437156490043043,0.008377756970131493,0.0004765394486605819,0.0014776938751341648,0.011953140828985931,0.04733074013810743,0.1378944261414339,3.0536519677157368
1.505,-0.0003917563658475041,0.00054587850146706,0.0010992041175913187,0.002365216398733307,0.007430124050065144,-0.003233459234014695,0.007430124050065144,0.0006198844178907039,0.0013476955948236473,0.007893714124070127,0.0007287333146378444,0.0015099340845490174,0.011272077608756818,0.0445182480476292,0.129022368841589,2.810779639089724
1.51,0.0005973831972982227,0.0006594983050161013,0.0011100226281398888,0.0025030719533394455,0.007169440349097476,-0.0030226030706807815,0.007169440349097476,0.0007003791231182908,0.0013368970665182057,0.007667775065775496,0.0007870097967794137,0.001456842692331336,0.010791938439364435,0.04150946370402861,0.1253659786731267,2.600397145854231
1.515,0.00015162133794125766,0.00025074807520790785,0.0009195186966542322,0.002286999313372319,0.00685938331969403,-0.002914915593403252,0.00685938331969403,0.0002922989916299193,0.0011761868318610042,0.007292251884711653,0.0004234462784131247,0.001321830033297729,0.010310260550697276,0.038772152077679305,0.11853520155991823,2.4346501306251556
1.52,-0.000306423448074746,0.0004523510496226848,0.00100156704190147,0.0021990606467580612,0.006564925151446526,-0.0029030494196526785,0.006564925151446526,0.0005154220774258253,0.0011972145074525579,0.006955697067146088,0.0006046171441282983,0.0013614750320634875,0.00990221654672613,0.03744530953542464,0.11458034210547582,2.312190670888781
1.525,-0.0007099869327661973,0.0008232707584899892,0.0012673123700931376,0.0020946370304969274,0.006277800154714792,-0.002963105469901183,0.006277800154714792,0.0008980515899994803,0.0014758216913233165,0.006614571885039488,0.0009683830690554109,0.0016397037297500412,0.009498120269342209,0.037018933721410865,0.11104778696928853,2.2332238700235636
1.53,0.00026726478788229046,0.00034413111329249053,0.0008250916953917961,0.0020859603778701154,0.006093387851437745,-0.0026137565621985742,0.006093387851437745,0.00037736018169279214,0.0009922844626194603,0.006439715728428466,0.00045909822605690785,0.0011352755670708378,0.009193632939788258,0.035109787250288904,0.10734128607339526,2.2004474261501246
1.535,-8.251895629178465e-06,0.0001659447276259998,0.0007459269239470366,0.0019296733344692292,0.005873079062464627,-0.0025442272682653453,0.005873079062464627,0.00021114251236392824,0.0009218395790998346,0.006134498424961439,0.00030377740125331245,0.0010916109352096957,0.008834308470880991,0.0348636139155613,0.10384932779709331,2.217566433504232
1.54,-7.583562237947364e-05,0.0002130498539840433,0.0007718829461344737,0.0018282169761928478,0.005693980417640818,-0.0024671986949057726,0.005693980417640818,0.000255043164348756,0.0009435189926443185,0.005904436065939857,0.00034761644931947656,0.0010738971500015946,0.00854759944319012,0.03522971434591119,0.10168132876773657,2.2783448913655504
1.545,4.6872975793851274e-05,0.00015154339648579943,0.0006994564573423312,0.0018322438652967888,0.005557033565803675,-0.0023848395143915395,0.005557033565803675,0.00019252513344693742,0.0008707055094766364,0.005747129802956426,0.00033713707111458617,0.001055549345605353,0.008337317590619637,0.03576521826741666,0.10075073007697488,2.366341447418625
1.55,-0.00021327721684752886,0.00034074357945128086,0.0007766151052447462,0.0018215049494373105,0.005407108496208353,-0.0023280167502224744,0.005407108496208353,0.00039419130419109745,0.0009304785726456404,0.005612569127896286,0.0004869248015589276,0.0011079281876489968,0.008181454224990198,0.03643281727681711,0.09856866365283616,2.439361492103458
1.555,0.00012900030871627202,0.00020131509051631204,0.0007056587779356402,0.0017323821341749717,0.005246394423903027,-0.0022446879014261845,0.005246394423903027,0.00023281929888917146,0.0009100800000307805,0.005534162066826286,0.00032613684525729773,0.0010585761865851378,0.008025307812382206,0.035787854512179994,0.09620540984094479,2.4502993106612836
1.56,0.0006792014644947978,0.0007107084731536943,0.001069451783280214,0.0018141077102940585,0.005054566731772021,-0.002137503791584442,0.005054566731772021,0.0007426392124613394,0.0012096030337075143,0.005388151147353039,0.0007939940235860233,0.0012761490053754716,0.007754619967219038,0.03552793409754443,0.09213842853735804,2.3871907777629136
1.565,-0.0001629901574469715,0.0002721813183913675,0.0006368885277313771,0.0015221876415288885,0.00474924073071232,-0.002113332268847295,0.00474924073071232,0.00032039968410015285,0.0007863335137039093,0.0049722375897306645,0.00039079393794095717,0.0009210843016200897,0.007276764913521073,0.0333859573250355,0.08828355108161888,2.264168770343726
1.57,-0.00029110978704487297,0.00038034461741232316,0.0006733977839073687,0.001442438720310558,0.004475550879058312,-0.002001233166824644,0.004475550879058312,0.00042849307005646405,0.0008130000706956051,0.004711045988067971,0.0004881355741108573,0.0009492312698939633,0.006910880890553814,0.03139118171033672,0.08237080784461587,2.101921660832922
1.575,0.00039295724772588975,0.0004238551039320009,0.0006962651267299965,0.0015100272721604623,0.004203752026182145,-0.001789426783449055,0.004203752026182145,0.00044192410178414275,0.0008309723967249203,0.00454489871770208,0.000498333800832776,0.0008942660686592569,0.006547787909702297,0.02874969107494395,0.0779149934526748,1.9218097748710896
1.58,0.001044722791541615,0.0010601751453779972,0.0015096984300904269,0.001949358934083475,0.0038984395026084697,-0.0015612874152971226,0.0038984395026084697,0.0010977857712072764,0.001595421965441086,0.004243744322403645,0.0011275680726855813,0.0016087112828098288,0.005997658245225731,0.02722213751554094,0.06903805935086312,1.7271706883824014
1.585,-0.0005106025751059522,0.0005629278929725252,0.0008920396390490461,0.001187241971128432,0.003280339734765855,-0.0015776962540933357,0.003280339734765855,0.0006040115617088589,0.0010205607133685793,0.0035058533924605946,0.0006477316593652217,0.0010610328555805905,0.005097892524773035,0.023281425908147312,0.061297505035584954,1.5090860349415778
1.59,8.813664859056082e-06,9.612768716443615e-05,0.00040132586606093457,0.000961266978142804,0.0028714298119747418,-0.0012563233347401429,0.0028714298119747418,0.00012460554245887376,0.0005090749998903604,0.003115483583414672,0.0002546299831964621,0.0005970706788841546,0.004468852277295632,0.01877031884081848,0.0519317412715295,1.2458415603154993
1.595,0.00022014275697509135,0.0002382503722097487,0.0004380519418394587,0.000833633462139215,0.002428553123298165,-0.0010017186638270562,0.002428553123298165,0.00025043123810526274,0.0005249238124640764,0.002623800656807176,0.00032323489222326363,0.0005659905403753413,0.0037291018574403816,0.01471930895713924,0.04329525869675077,0.9451296797156972
1.6,5.890247527700969e-05,8.80239886889792e-05,0.0003043076374573838,0.0006286950275927898,0.0019235118833404042,-0.0007938807589826912,0.0019235118833404042,0.00010993617746172943,0.00037782356449102825,0.0020641409383011494,0.0002382965459582386,0.00046388469416242027,0.002892737138225261,0.010548188175196286,0.03482478994300843,0.6291020233195214
1.605,0.00022923659510521366,0.00024108074691843012,0.0004086806326601775,0.0005475512925913852,0.0014112045748258064,-0.0006225553870854782,0.0014112045748258064,0.00025637237408940116,0.00044501077153555416,0.0015384899162317533,0.0003248333924012066,0.0005603215694792614,0.0021449857397038193,0.006977116338049668,0.024364849314326028,0.33544813407495644
1.61,-0.00015604919625853496,0.00017237700074945302,0.0002927111238360436,0.0004068425625240828,0.0008829881037376619,-0.000611564796779981,0.0008829881037376619,0.00018457346089172775,0.00034523528896762803,0.000994006410974925,0.00023722723974135788,0.0004155817837346963,0.0013899162571707506,0.0037592772710622166,0.014875806721726679,0.13947745426848246
1.615,-0.000643091382162925,0.0006443804522692951,0.0009657706191192103,0.0010404251819593057,0.0011699399069279044,-0.0011699399069279044,0.0004066643756283586,0.0006520930468035604,0.0009589507989213167,0.0012135948128384187,0.0006842169967019338,0.0010122497324430988,0.001223499783646003,0.003694270963284443,0.0090232157755122,0.06912114216154279
1.62,-0.0006212270751016091,0.0006212387712924128,0.0009153779263291074,0.0009801716330293578,0.0011892838237797642,-0.0011892838237797642,1.773142525834126e-05,0.0006450034843755688,0.0009542238009402956,0.0011946105870062375,0.0006630419945641809,0.0009778726057835235,0.0012337932614273478,0.004379103611368274,0.00638924835861196,0.15901958877348113
1.625,-0.0005061367592123454,0.0005062993490646594,0.0007211859300318883,0.000773854073674929,0.0009716172749386302,-0.0009716172749386302,8.954689381880082e-05,0.0005270844831886946,0.0007528958282950224,0.0009749065079062234,0.0005419401934580834,0.0007660367327630509,0.0010295733603309185,0.0050464764779957145,0.007982113151618555,0.2246150958003731
1.63,-0.00035977358449099946,0.000360952791775921,0.0005240905794763356,0.0005974038970781687,0.0009776395643036856,-0.0009776395643036856,0.0002463071436706221,0.00037262252517590734,0.0005687526972672463,0.0011633608404001917,0.0003858791061315397,0.0005778660745511787,0.0011789165082306183,0.005586393371838722,0.010495038026724773,0.287498075104292
1.635,-0.00019236782990638622,0.00019673331472977064,0.0003427559434600118,0.0004326917914013114,0.0009008597209742833,-0.0009008597209742833,0.00034846498264696753,0.00020126986337678745,0.00036880286409758846,0.0010790635767856218,0.00024110600109812226,0.0004156270189047211,0.0012357011573264156,0.006304361572961871,0.013097777087080585,0.3647011052991867
1.64,2.1438156149717444e-06,4.258013895141757e-05,0.00015573192295611997,0.00027089353933919177,0.0007913870427254583,-0.0007913870427254583,0.00039224555019724654,6.0486938051530275e-05,0.00020067475942061927,0.0008933124180544866,0.00016946351388364396,0.0003118993977985607,0.0013605044892747954,0.007146318906684766,0.014900737896613066,0.45881515667176526
1.645,0.00017571624045506978,0.0001861396834697563,0.00029948550500359075,0.0003712011419890605,0.0008465592255891066,-0.0008465592255891066,0.0005287408731419619,0.00019799826899887676,0.0003580443907851601,0.0009316311451595136,0.0002545944052616144,0.000398683337824182,0.0014436733832610834,0.008207267312679544,0.01610160761855299,0.5578236584453679
1.65,0.0002613196278435688,0.00027125168309760574,0.00041433048507408867,0.00046505630075841073,0.0008885443269932377,-0.0008885443269932377,0.0005532918687665479,0.00028398990035916305,0.0004670608448910308,0.0008964592198330986,0.0003237887667741917,0.000502712876208072,0.0015889166982397044,0.009121187798656335,0.01661899222740452,0.6378952358425494
1.655,0.00022373843841744858,0.00023531817918144948,0.00038527376764180136,0.0004661575667885205,0.0008926331415559928,-0.0008926331415559928,0.000632834308432321,0.00025347672944184935,0.0004574562992003954,0.0009620277875631528,0.0003120844649279135,0.0005183382984769218,0.0016566387223042956,0.0092635277614102,0.015315165142809065,0.6662473396268002
1.66,4.596083827663036e-05,8.279390780321946e-05,0.00020442791676309702,0.0003045783196918893,0.0008265872149748962,-0.0008265872149748962,0.0004126705491039632,0.00011400640169550662,0.0003071363808228724,0.0008904356334892699,0.0002418660811326801,0.00047276231027178005,0.001511236677936693,0.008438752918930561,0.014580560480113663,0.612680589779027
1.665,-0.0001069768805518444,0.00011521325142018634,0.00024661759876663195,0.0003806685272904624,0.000729975320471805,-0.000729975320471805,0.00033024918682692623,0.0001250804463197266,0.00030942548876928817,0.0008363522630172756,0.00023498246132271154,0.0004039729036234121,0.00127443235369952,0.006746642873437301,0.012521134312769723,0.47658479422986244
1.67,-2.3345599781857597e-05,5.5046703196616734e-05,0.00017366620995651542,0.0003078758369097248,0.0006400698544947377,-0.0006400698544947377,0.00032582628014489934,7.451625585298671e-05,0.00023468620046181507,0.0007642816584116493,0.00020630864356906145,0.00034681350311072985,0.001114291947379605,0.005033919033555258,0.01111631300578374,0.29847577563460903
1.675,0.00025556191455522817,0.00026182659154395135,0.00042559758750429424,0.0004881806263937246,0.0005837266515070807,-0.0005837266515070807,0.0005440071173547201,0.0002727413519876896,0.00046094641530196843,0.0006050285490244575,0.00033040666091054677,0.0005076486509168424,0.0008797858777144346,0.0035127956762871985,0.010060290012831295,0.1257018984792379
1.68,0.0006333940541664917,0.0006356048507830301,0.000987561523466014,0.0010761342437701246,0.0012424031054007701,-0.0005641606826537535,0.0012424031054007701,0.000650798179718225,0.0009897621377399268,0.0013762839682746573,0.0006787805683485502,0.001047722298160394,0.0013842295114263915,0.003443178473118962,0.009494293753839778,0.08958310172859546
1.685,0.0008170165702280328,0.0008187771264497408,0.0012966977246667876,0.0013601434167137495,0.0014512494136554698,-0.0005761963679285664,0.0014512494136554698,0.0008167411810941504,0.0012478294450193853,0.0016081781164395143,0.0008741571320876921,0.0014362296701552859,0.0017808685188324864,0.004619374831285054,0.011366379448810367,0.0941106966356108
1.69,0.0006664206301672681,0.000669010921313236,0.0010645707112152051,0.0011395850545707945,0.0012081754766737928,-0.000647632314582356,0.0012081754766737928,0.0006570303461209883,0.0010114461268789148,0.00111842223715801,0.0007272590507961438,0.0012378822964968833,0.0015997809192175238,0.004315586684989238,0.01187932256567304,0.10659831032900888
1.695,0.00048610859469451083,0.0004912279708279618,0.0007880241805507947,0.0008937552761922392,0.000949787157187421,-0.0007731589857090321,0.000949787157187421,0.0004890777234742079,0.0007544448434195113,0.0009356770627670478,0.0005432781209512805,0.000937037417883203,0.0013375623426123556,0.0035651809682213553,0.010902683741152688,0.1330547321170852
1.7,0.000297341099071155,0.00030775932722883567,0.0005047207961978781,0.0005868569343515619,0.0009328654057880776,-0.0009328654057880776,0.0006284803279552205,0.00031735924296069954,0.0005219684040171529,0.0010084725961333847,0.0003564271509256268,0.0006328067970396686,0.0013445680117230617,0.0035007824662707607,0.013969561102603832,0.16778093743077988
1.705,0.00012721609127263966,0.0001480848241977185,0.00028366605872374014,0.00041630805574575014,0.0011161815092038201,-0.0011161815092038201,0.000574158834628323,0.00016293359572805018,0.00034333047490035443,0.001186429432228057,0.00021102908699894258,0.0003995971289641128,0.0015717193628613344,0.004723612894900604,0.017840068313326296,0.2040128866537942
1.71,3.9784016238675834e-05,7.664143881696195e-05,0.0002536025842928684,0.000513385244561428,0.001341632272861508,-0.001341632272861508,0.0006121875441816686,9.663916425790789e-05,0.0003306435863282543,0.00143826758944505,0.00018590255799092058,0.00041527246027188924,0.0018493425758136727,0.006792692855739766,0.022266905235918205,0.3908623043038703
1.715,8.432209551722946e-05,0.0001165974975938051,0.00028858013604635504,0.0005207856496617768,0.0013803193645210384,-0.0013803193645210384,0.0006339632109724543,0.00013647050179518776,0.0003902135707479015,0.0015277405410689783,0.00023768714343697136,0.00047346804277125144,0.0021247203755308743,0.009118904197277872,0.025402512021391214,0.586099933304618
1.72,0.0002693575232760472,0.0002903281833814953,0.00048107644273806646,0.0006204478867143929,0.0013847251776927289,-0.0013847251776927289,0.0008239776546909838,0.00031253472880472734,0.0005827472102029965,0.0015504529362524119,0.00038395822646902257,0.0006576374934942579,0.0022687426532521987,0.011687957616698328,0.026716486882999397,0.7725576123292338
1.725,0.0006034101534109638,0.0006168000621062708,0.0009477251481464481,0.0010691705012460563,0.0014087619585550321,-0.0014087619585550321,0.0011650332122463414,0.0006556059627375151,0.0010892541523135552,0.0014586830015599571,0.0006916227982091172,0.0011403085289031644,0.0022812313596226198,0.014295222320281515,0.026307270453330603,0.9327745356087686
1.73,0.0006369288923347962,0.0006511100017634939,0.0009942705792455818,0.0011303632106952099,0.001484826572226112,-0.001484826572226112,0.0012862046392153777,0.0006907291622864786,0.001142476228175877,0.0015955520003409045,0.0007224484088101328,0.0011948587668077536,0.002323229362492596,0.015427528835013807,0.026672802311467212,1.043981287138357
1.735,0.00032842385227854895,0.0003516646591239221,0.000562097417993433,0.0006430495301050285,0.0015468309066067453,-0.0015468309066067453,0.0007417785263356957,0.0003799380487415531,0.0006913304816407839,0.001518553241028613,0.0004428588859462256,0.0007507233660728277,0.0024704676390545333,0.015365666205714246,0.02703486044249501,1.088935567492208
1.74,-0.00010832401272901304,0.0001283843077141128,0.00028421824379380994,0.0005496851755591059,0.0015651657379150941,-0.0015651657379150941,0.0006645799045923559,0.0001413834934446623,0.0003538674215596471,0.0016100551111481007,0.00023370689521610088,0.00045718953471073255,0.0026698353779955305,0.014672185349757396,0.027937109817261083,1.0637351045354213
1.745,-0.0005458236371937284,0.0005505945300666276,0.0008070031061954979,0.0009371410897410715,0.00158032906063659,-0.00158032906063659,0.0006247082173668108,0.0005699007742324668,0.0008753248986472079,0.0016851727875650396,0.0005875622861006147,0.0008905829643642685,0.0026159129768725535,0.014341443714403363,0.027025050989263635,0.9781546649337949
1.75,-0.000913318405175168,0.0009157645655105746,0.0012905243091629955,0.001395977571713344,0.0017572036362335439,-0.0017572036362335439,0.0005328710387419083,0.0009505225532360487,0.0013663515435604864,0.0018157850013976072,0.0009617981608500487,0.0013808201652336148,0.002410017233198555,0.013785002093439974,0.02464027896714593,0.8418843385328553
1.755,-0.0011752296898049392,0.0011762749614244847,0.0016152796133056416,0.0017576627475266785,0.0020107184630433882,-0.0020107184630433882,0.00039255610053339174,0.0012170336833086026,0.0016828306405099734,0.002027036669983171,0.001228221086922066,0.0016936029379666902,0.002250023739846165,0.012138310827147284,0.02117669789820377,0.6556869940603267
1.76,-0.0009683403052916577,0.0009689322141172068,0.0013286982531027721,0.0014567915914757274,0.0016083066676196318,-0.0016083066676196318,0.0002626966526170552,0.0009979927373544978,0.0014124221195880094,0.0016989043352796853,0.001015731808058934,0.0014231445699762616,0.001706437357836766,0.008603287151246745,0.016176217299209195,0.42707595394287773
1.765,-0.0005486273175286095,0.0005488542416089899,0.0007824505951587943,0.0009018579832232547,0.0010882850004034317,-0.0010882850004034317,0.00012134733509047273,0.0005655505543330957,0.0008318374776573649,0.001252511060687131,0.0005955301992766284,0.0008506624708440747,0.0012654213294494294,0.004404685804207724,0.009247715040753385,0.1813918790352003
1.77,-0.00020526895136714485,0.0002075018575991454,0.0003501700841839641,0.0004395977912815528,0.0005411501849551369,-0.0005411501849551369,0.00012574874628486896,0.00021298375284520775,0.0004250225271285469,0.0006257899127284159,0.0002957830555324897,0.0004719317045524959,0.0006286457805098966,0.001962755288045523,0.004079247443880365,0.07801441816073887
1.775,8.365162047806077e-06,4.941992055756306e-05,0.00017614807143732946,0.00024119574477108967,0.00045561069533101353,-0.0002649189591984332,0.00045561069533101353,7.157164127142798e-05,0.000248225075432401,0.0004324979331342036,0.00022216736254843724,0.0003616543548036204,0.0007890027737774398,0.004565919169762341,0.008044326103477877,0.2886612495816628
1.78,4.1321622240985706e-05,7.451876357319531e-05,0.0001983081457572942,0.0003222239732236837,0.0009755280898347297,-0.0003884153511471769,0.0009755280898347297,9.904832231157236e-05,0.00028655122177913544,0.0009849503632930966,0.00024250419314332834,0.0004045398639912992,0.0013865525984051617,0.007722971565712612,0.016452159752246846,0.5084140621291078
1.785,-0.00011765287235491976,0.0001523920104113447,0.00031474747302983957,0.0004893827814290858,0.0014585574602576819,-0.0006185377502970367,0.0014585574602576819,0.0001781625679875963,0.00041476131532553005,0.0015356663019639252,0.00028227914975538927,0.0005329819086748581,0.0021791636358364733,0.010832689917713662,0.026681604840365816,0.7184012180796641
1.79,-0.0004157481342689819,0.0004449002909048691,0.0006769093465257617,0.0008483420945159086,0.0018700360779982219,-0.0009983923270231836,0.0018700360779982219,0.00047559061723538945,0.0007727240659495927,0.0019360259552995312,0.0005260153381479785,0.000830248250046126,0.0028782213512250714,0.014124916518039378,0.03470450233227926,0.9125910239153898
1.795,-0.0006666198747108215,0.0006908869632589954,0.0010053735212393672,0.0011369463853051593,0.0022266205539023605,-0.0014187844112692211,0.0022266205539023605,0.0007307349507633788,0.0011233427919477444,0.0023368285367032747,0.0007632515950684287,0.0011587481712434704,0.003480686123544826,0.017111074266369503,0.04109195494242071,1.08238727804387
1.8,-0.0004129226747671469,0.00044958541052665804,0.0007025610806984982,0.0008916572982740843,0.002574228056785729,-0.0012090357497029566,0.002574228056785729,0.00048494489330502827,0.000849902621984338,0.002767514901138012,0.0005201791528160096,0.0009094034743346146,0.004047551651040937,0.018547842220969724,0.04827689362499843,1.2205481301454824
1.805,-0.00010983811836466753,0.00017640966148852597,0.00043460875400010867,0.0009322906290249666,0.0028822299461602205,-0.0012804284573977361,0.0028822299461602205,0.00020796630436007452,0.0005609586135170083,0.003158800535211267,0.00027095616213201505,0.0006621011909216456,0.004569115107274434,0.01983845325339134,0.05349289601203667,1.3264199619892028
1.81,0.00016298662453995372,0.0001996952403678351,0.00046152696755143093,0.0011071384688687038,0.003151779586011696,-0.001395277928952838,0.003151779586011696,0.00022340998319160646,0.0005773678805720549,0.003480329425475275,0.0003075014190367958,0.0006444786471180059,0.005019730196894264,0.021198034749309227,0.058883231801128096,1.404418275431867
1.815,0.00036221432728886563,0.0003886344900442202,0.0006250281858427832,0.0011777876840450255,0.003379172714510821,-0.0014631716667964424,0.003379172714510821,0.0004117944632545352,0.000727035159681945,0.0036652066172339283,0.0004928330744618134,0.0008040351605009097,0.005291211474838308,0.022629567765144527,0.06271388460639606,1.4634956799059873
1.82,0.0004307325762876611,0.0004570769395559661,0.0007219145573798985,0.0012615842498179864,0.003571847225276192,-0.0014939994256911665,0.003571847225276192,0.0004826365982419081,0.0008357483066511555,0.0037737598145283447,0.0005747375995340964,0.0009161440640643393,0.005426485249298779,0.023733826746983943,0.06589133055409963,1.5173595433338483
1.825,0.0003468139845322359,0.0003782568303587669,0.0006525680753517636,0.0013215630687096163,0.0037310576613231805,-0.001547173856539534,0.0037310576613231805,0.0004070584331075731,0.0007816770474437401,0.003977777050915101,0.0005170879998942578,0.0009067952793134852,0.0056035859227589685,0.024311659685744377,0.06872498627609322,1.5789309107539224
1.83,0.00013678671645508936,0.00020848446724234488,0.0005305495836321473,0.0013634438422826765,0.0038208492738969766,-0.0016413260178110075,0.0038208492738969766,0.00025051092691825175,0.0006616917812339778,0.0040376917958329425,0.0004373823450218294,0.0008309633284686644,0.005811849215208092,0.025064354318176225,0.06851456226622066,1.6460130532155817
1.835,-9.329620829572635e-05,0.0001813014150551486,0.0005665658194661818,0.0013222395580720781,0.003894699182920003,-0.0018566335632500984,0.003894699182920003,0.0002225460656258106,0.0007042156798264104,0.004154490183694119,0.00044342669515452766,0.0008406595116028663,0.0059747227129098735,0.025612750218823213,0.07015139286411126,1.6970166894381742
1.84,-0.00019712162949244225,0.0002801480119850725,0.0006267477084063236,0.001366865446697181,0.00405306927303434,-0.002012477434273777,0.00405306927303434,0.00031776976147075285,0.0007597863709843569,0.004255271818148982,0.0004867152045788094,0.0008774044992061161,0.006133602170212652,0.025988206819543887,0.07262096699441196,1.7132440745219562
1.845,-0.00013721115383638876,0.00024127143144339944,0.0006287860506636867,0.0014880701480698012,0.004292138731844188,-0.00199407798426917,0.004292138731844188,0.0002802455210664116,0.0007770472095579248,0.004440840918216874,0.00047075918714029643,0.000907728610724277,0.006394293859333366,0.026356486708057215,0.07500255480534294,1.702601046351771
1.85,0.0001695789988005279,0.0002239212844463434,0.000668689657542631,0.0014999438511553312,0.00458850346777469,-0.0019061649787356204,0.00458850346777469,0.00025082984748506,0.0008218526816321354,0.004886214472587321,0.0004494023409121497,0.0009527200335321886,0.0068356875719749206,0.026764623701279504,0.07975015236804857,1.690314580760604
1.855,0.0004803390921222731,0.0005136194436989113,0.0008310818730056493,0.0017308737649302122,0.0048160024305872965,-0.0019929958899463866,0.0048160024305872965,0.0005354151626806534,0.0009408698323931153,0.005179455183386764,0.0006362195171357922,0.0010344867649542055,0.007258822621908612,0.027677172687660883,0.08441851867361815,1.6996690619947135
1.86,0.0005199066772771143,0.0005618250186844581,0.0008735008439142779,0.0017224903201350512,0.005036531984825505,-0.002091588461525023,0.005036531984825505,0.0005931558159801471,0.000980314705303236,0.0053505954380000074,0.0006733419374572303,0.0010558931000151438,0.007561829617624145,0.028777439852147372,0.08727463351208123,1.7497756750762798
1.865,0.0003337921523465582,0.00039082628615904355,0.0007699154236243467,0.0017539506104280625,0.005192348462374082,-0.002185034333327041,0.005192348462374082,0.0004232030571134831,0.0009177850836829659,0.005500350993529243,0.0005103016123591907,0.0010172951706922206,0.007858368778794058,0.02995375919641045,0.09070290513373777,1.8503865698723891
1.87,0.00022735182970613034,0.0002899490255677011,0.0007949630348117519,0.001755867781534771,0.0053151325677622,-0.0022591129159652674,0.0053151325677622,0.0003235943079643461,0.0009461823412486948,0.005675373832097889,0.00041954954775269565,0.00106468248763861,0.008160951551473844,0.03163985406518963,0.09402249497403443,1.9978773845851696
1.875,0.0002450004390128724,0.00030757865316658617,0.0007716269991880028,0.0018446071529545853,0.0054658726690707034,-0.0023156252623806836,0.0054658726690707034,0.0003374881837726561,0.0009793195187405685,0.005805802917043944,0.00042423564531945187,0.00110250799977001,0.008384915791760305,0.0336590110863684,0.09855268744537195,2.168413417937455
1.88,0.000344988197447774,0.00040550022953958487,0.0008093879734739291,0.0019356305234497259,0.005666132932614606,-0.0023940380623355823,0.005666132932614606,0.00043465210915609616,0.0010125986037031688,0.005996558097235609,0.0005112114753692335,0.0011195743543260608,0.008528583594395536,0.03573837369039852,0.10234399213065766,2.337879325965493
1.885,0.0004939995414165159,0.0005492161725130409,0.0009379793888454859,0.002006006886915133,0.005743753822696676,-0.002456874547653742,0.005743753822696676,0.0005842363811608717,0.001110391818986826,0.006002078348236496,0.0006518274222233993,0.0012297016351622563,0.008652570479301382,0.03765620965187694,0.10481211297513575,2.49572514304634
1.89,0.0006715618539162799,0.0007161517940033053,0.0011244708996303923,0.0020129701844827114,0.0057667203730627815,-0.0024810284991821593,0.0057667203730627815,0.0007587422989870572,0.0012866945020432714,0.006106451200729637,0.0008225934284353317,0.0013925407330327342,0.008816493429128335,0.03931185126651124,0.1061345364837516,2.6186217872155324
1.895,0.0008360733958822866,0.0008738466619244834,0.0013568868072068047,0.0020965196869099775,0.005799724111830762,-0.0024981099031674337,0.005799724111830762,0.0009225665319572465,0.0015435084847053703,0.006241606689377593,0.0009996883477517149,0.0016691663966581015,0.008970174159932353,0.04057717763277043,0.107367347347925,2.6837039574386354
1.9,0.0009631053074075247,0.0009966982592067245,0.0015719206316291718,0.002260715234229406,0.005873925963336026,-0.0024829874563981106,0.005873925963336026,0.001046436065859038,0.0017622744806055817,0.006342688267655001,0.0011398925528662946,0.001879031595803088,0.009049503399885996,0.04153693282629755,0.10759050903699209,2.7346884301973007
1.925,-0.00016818617568976633,0.0002847313246853953,0.0006957259401976274,0.0016596551374518406,0.005164656267206967,-0.00223760922679595,0.005164656267206967,0.0003347597033294361,0.0008405259189348706,0.005397602730303685,0.0004194569224717372,0.0009702200838925282,0.007815612403867071,0.03225758123971295,0.09447641880165494,2.0901463677812906
1.95,-0.00011583110917300482,0.00022706490906752223,0.0006441731557291997,0.0015373003964287662,0.004501827460364323,-0.0019856204934527635,0.004501827460364323,0.0002661269811716352,0.0008038932437261062,0.004777866380080225,0.00048277084152728323,0.0009222354989510762,0.0067774639763245334,0.025219597756600393,0.07748789024132054,1.544160710491501
1.975,-0.0002892384693149617,0.0003769320225762405,0.0007475525844930262,0.0016128951756150627,0.004707766473145431,-0.00229256317352787,0.004707766473145431,0.0004116561583796525,0.0009165092248966979,0.00484807499617838,0.0005031074528879721,0.0010309991588870694,0.0069949317254033895,0.029012379892607004,0.08524359498578521,1.8434948418024661
2.0,-6.886143595274179e-05,0.00023923826406413532,0.0008388260536165044,0.0018788523785567238,0.005706370746210902,-0.0024921786059739124,0.005706370746210902,0.0003023314726142915,0.0010019475915465448,0.006061657512101211,0.0004204724218261688,0.0012120620051994653,0.00874465272374609,0.037943626370561284,0.10554946851457492,2.532807278215654
2.025,0.0001804346904146282,0.0002677647493022834,0.0008238639171335255,0.0019582497751491237,0.0058092770128967365,-0.002522597704886779,0.0058092770128967365,0.00031003053438027976,0.0010119610585510375,0.006075492887919307,0.0004254087147635415,0.0011593486818611647,0.008836819479109108,0.03812207147096751,0.10518966346608594,2.5109209262466576
2.05,-0.000613941049931995,0.0006766794993142313,0.001054854420508879,0.0017104090561716684,0.004639957976940228,-0.0027636792745472285,0.004639957976940228,0.0007125139987437041,0.0011769643350444002,0.004763667299450582,0.0007967746540607773,0.001265178194785061,0.0069524297815935256,0.0294676634759337,0.08381196336309811,1.8650853637262537
2.075,0.0001926748419624501,0.00024708515587881346,0.0006444256177160519,0.0014295707047773585,0.004451803272318414,-0.0018627069531363207,0.004451803272318414,0.00027751342349592085,0.0008448068199666166,0.004890034348259279,0.00046223965732823143,0.00093708010793506,0.006782705860597597,0.02496969194505815,0.0785708397896062,1.5321364658406313
2.1,0.0002938361847020859,0.0003567988066628479,0.0007207227023676443,0.0016857758076447673,0.005093689361557706,-0.002288640656314487,0.005093689361557706,0.00039327842775602987,0.0008922987614186028,0.005352246159344182,0.00047760116115526537,0.001035384480624561,0.00777012235599559,0.031368242349784074,0.09096909481080116,1.9722456851098784
2.125,0.0006260905255784362,0.0006703069785609443,0.0011433238813354492,0.002139945719099932,0.005803065590286916,-0.002461637498891718,0.005803065590286916,0.0007085243607857863,0.0013336550475323166,0.006208690017926158,0.0008033450625427584,0.0014541250147884362,0.008904277466250719,0.04239387278104443,0.10663615356830282,2.927011866475604
2.15,-6.4480833250262e-05,0.00023723460313888864,0.0008454131189154398,0.0018610412702484943,0.005496172731372678,-0.0023750612375534295,0.005496172731372678,0.0002978889785425354,0.001032381329714915,0.005796173020479098,0.0004204210968627972,0.001230627245199276,0.008291135768644143,0.03325846576599792,0.0999981250715734,2.06353408912282
2.175,-0.00026215720702104365,0.00036094172008475537,0.0008142917502482454,0.001590785876299237,0.0045799428609818605,-0.002156799747958082,0.0045799428609818605,0.00040121767452216126,0.0010650599503176873,0.004868549321725146,0.0006036541264260553,0.0012196685206357074,0.006981053482710039,0.027068269472490705,0.0792858638209346,1.658856379097601
2.2,0.00011667457465104282,0.0001887632317947569,0.0005842903130827106,0.0014640925225966142,0.004555173299997209,-0.0019043857662367721,0.004555173299997209,0.000228230192811503,0.0007412076360014918,0.00484728086300114,0.0004280586056037745,0.0008797314778705854,0.006795684258116126,0.02852858420249128,0.07973389602925292,1.8656653686458962
