Time (s)	abs(w-jump_z_t) (m)	solid.disp (m)	solid.mises (N/m^2)
0.0000	3.5929E-15	3.5930E-15	4.3686E-8
0.025000	2.6328E-5	2.6328E-5	29.399
0.050000	2.0753E-4	2.0753E-4	146.34
0.075000	6.7617E-4	6.7617E-4	362.00
0.10000	0.0014318	0.0014318	656.41
0.12500	0.0022306	0.0022306	961.58
0.15000	0.0028142	0.0028142	1205.6
0.17500	0.0030909	0.0030909	1352.8
0.20000	0.0031125	0.0031125	1404.8
0.22500	0.0030877	0.0030877	1419.0
0.25000	0.0032498	0.0032498	1498.0
0.27500	0.0036638	0.0036638	1696.7
0.30000	0.0043076	0.0043076	1979.0
0.32500	0.0050862	0.0050862	2271.3
0.35000	0.0057844	0.0057844	2543.6
0.37500	0.0061739	0.0061739	2726.4
0.40000	0.0062521	0.0062521	2803.5
0.42500	0.0062184	0.0062184	2824.2
0.45000	0.0062772	0.0062772	2873.2
0.47500	0.0066101	0.0066101	3018.8
0.50000	0.0072292	0.0072292	3288.0
0.52500	0.0079957	0.0079957	3607.7
0.55000	0.0087031	0.0087031	3878.6
0.57500	0.0091926	0.0091926	4073.5
0.60000	0.0093755	0.0093755	4190.6
0.62500	0.0093652	0.0093652	4237.7
0.65000	0.0093710	0.0093710	4260.5
0.67500	0.0095805	0.0095805	4365.3
0.70000	0.010126	0.010126	4597.8
0.72500	0.010883	0.010883	4911.6
0.75000	0.011637	0.011637	5216.1
0.77500	0.012202	0.012202	5444.0
0.80000	0.012471	0.012471	5561.5
0.82500	0.012479	0.012479	5619.9
0.85000	0.012467	0.012467	5663.5
0.87500	0.012636	0.012636	5742.5
0.90000	0.013061	0.013061	5916.6
0.92500	0.013734	0.013734	6207.5
0.95000	0.014537	0.014537	6536.9
0.97500	0.015196	0.015196	6796.7
1.0000	0.015542	0.015542	6947.7
1.0250	0.015596	0.015596	6983.2
1.0500	0.015372	0.015372	6898.8
1.0750	0.014981	0.014981	6755.2
1.1000	0.014599	0.014599	6614.3
1.1250	0.014439	0.014439	6557.3
1.1500	0.014594	0.014594	6633.1
1.1750	0.015013	0.015013	6776.6
1.2000	0.015475	0.015475	6917.2
1.2250	0.015682	0.015682	6991.8
1.2500	0.015473	0.015473	6944.0
1.2750	0.015054	0.015054	6790.8
1.3000	0.014679	0.014679	6639.6
1.3250	0.014484	0.014484	6575.5
1.3500	0.014541	0.014541	6601.4
1.3750	0.014876	0.014876	6726.8
1.4000	0.015322	0.015322	6880.9
1.4250	0.015613	0.015613	6971.8
1.4500	0.015607	0.015607	6965.5
1.4750	0.015247	0.015247	6863.3
1.5000	0.014756	0.014756	6686.6
1.5250	0.014457	0.014457	6559.2
1.5500	0.014503	0.014503	6580.3
1.5750	0.014796	0.014796	6699.1
1.6000	0.015203	0.015203	6838.8
1.6250	0.015533	0.015533	6948.2
1.6500	0.015607	0.015607	6975.1
1.6750	0.015394	0.015394	6896.1
1.7000	0.014941	0.014941	6748.4
1.7000	0.014941	0.014941	6748.4
1.7020	0.014902	0.014902	6735.5
1.7040	0.014863	0.014863	6722.6
1.7060	0.014824	0.014824	6709.7
1.7080	0.014785	0.014785	6696.8
1.7100	0.014751	0.014751	6684.8
1.7120	0.014717	0.014717	6672.8
1.7140	0.014682	0.014682	6660.8
1.7160	0.014648	0.014648	6648.7
1.7180	0.014620	0.014620	6638.6
1.7200	0.014593	0.014593	6628.4
1.7220	0.014565	0.014565	6618.2
1.7240	0.014538	0.014538	6608.0
1.7260	0.014519	0.014519	6600.3
1.7280	0.014499	0.014499	6592.7
1.7300	0.014480	0.014480	6585.0
1.7320	0.014461	0.014461	6577.3
1.7340	0.014450	0.014450	6572.4
1.7360	0.014440	0.014440	6567.5
1.7380	0.014430	0.014430	6562.6
1.7400	0.014419	0.014419	6557.7
1.7420	0.014419	0.014419	6555.9
1.7440	0.014418	0.014418	6554.0
1.7460	0.014417	0.014417	6552.1
1.7480	0.014416	0.014416	6550.2
1.7500	0.014424	0.014424	6551.8
1.7520	0.014433	0.014433	6553.4
1.7540	0.014442	0.014441	6555.0
1.7560	0.014451	0.014450	6556.6
1.7580	0.014469	0.014466	6565.4
1.7600	0.014487	0.014482	6574.2
1.7620	0.014508	0.014498	6583.6
1.7640	0.014534	0.014519	6600.7
1.7660	0.014562	0.014540	6617.7
1.7680	0.014595	0.014564	6637.3
1.7700	0.014631	0.014589	6658.1
1.7720	0.014670	0.014614	6680.5
1.7740	0.014715	0.014642	6707.9
1.7760	0.014762	0.014670	6735.5
1.7780	0.014814	0.014701	6767.9
1.7800	0.014870	0.014731	6800.3
1.7820	0.014932	0.014764	6835.4
1.7840	0.014997	0.014796	6871.0
1.7860	0.015067	0.014830	6911.5
1.7880	0.015142	0.014865	6954.3
1.7900	0.015222	0.014901	6997.2
1.7920	0.015307	0.014937	7040.4
1.7940	0.015397	0.014974	7086.8
1.7960	0.015492	0.015011	7134.1
1.7980	0.015592	0.015048	7182.3
1.8000	0.015697	0.015085	7232.0
1.8020	0.015807	0.015123	7282.9
1.8040	0.015922	0.015160	7335.5
1.8060	0.016042	0.015196	7388.3
1.8080	0.016167	0.015232	7441.7
1.8100	0.016296	0.015267	7496.6
1.8120	0.016430	0.015301	7551.1
1.8140	0.016569	0.015334	7605.6
1.8160	0.016712	0.015364	7661.0
1.8180	0.016859	0.015392	7716.4
1.8200	0.017009	0.015418	7771.9
1.8220	0.017162	0.015440	7827.7
1.8240	0.017318	0.015458	7883.4
1.8260	0.017477	0.015473	7938.9
1.8280	0.017634	0.015479	7995.1
1.8300	0.017794	0.015481	8050.9
1.8320	0.017955	0.015478	8106.1
1.8340	0.018112	0.015464	8160.7
1.8360	0.018271	0.015444	8214.7
1.8380	0.018428	0.015416	8268.0
1.8400	0.018581	0.015376	8320.1
1.8420	0.018734	0.015329	8371.5
1.8440	0.018882	0.015270	8421.8
1.8460	0.019026	0.015198	8470.6
1.8480	0.019168	0.015119	8518.4
1.8500	0.019303	0.015023	8564.3
1.8520	0.019433	0.014916	8608.8
1.8540	0.019561	0.014800	8652.2
1.8560	0.019678	0.014664	8692.4
1.8580	0.019792	0.014518	8730.8
1.8600	0.019902	0.014361	8767.4
1.8620	0.020000	0.014182	8800.7
1.8640	0.020094	0.013994	8832.2
1.8660	0.020183	0.013791	8861.3
1.8680	0.020258	0.013566	8887.1
1.8700	0.020329	0.013330	8911.0
1.8720	0.020389	0.013075	8931.9
1.8740	0.020437	0.012801	8949.5
1.8760	0.020481	0.012514	8965.2
1.8780	0.020511	0.012205	8977.0
1.8800	0.020533	0.011880	8985.6
1.8820	0.020551	0.011543	8992.0
1.8840	0.020554	0.011183	8994.5
1.8860	0.020551	0.010809	8994.5
1.8880	0.020544	0.010424	8992.4
1.8900	0.020520	0.010507	8985.4
1.8920	0.020492	0.010902	8976.7
1.8940	0.020457	0.011303	8965.6
1.8960	0.020407	0.011716	8950.7
1.8980	0.020350	0.012134	8930.8
1.9000	0.020277	0.012563	8902.4
1.9020	0.020211	0.012991	8875.0
1.9040	0.020141	0.013427	8847.5
1.9060	0.020042	0.013887	8823.2
1.9080	0.019951	0.014347	8799.8
1.9100	0.019862	0.014809	8774.9
1.9120	0.019742	0.015287	8740.9
1.9140	0.019630	0.015766	8707.5
1.9160	0.019514	0.016253	8668.3
1.9180	0.019385	0.016757	8614.7
1.9200	0.019251	0.017260	8580.4
1.9220	0.019112	0.017772	8529.0
1.9240	0.018967	0.018292	8484.9
1.9260	0.018818	0.018820	8421.8
1.9280	0.018666	0.019355	8370.7
1.9300	0.018509	0.019898	8316.3
1.9320	0.018350	0.020448	8259.5
1.9340	0.018189	0.021005	8204.0
1.9360	0.018026	0.021569	8145.1
1.9380	0.017861	0.022141	8091.7
1.9400	0.017696	0.022720	8025.2
1.9420	0.017531	0.023306	7972.3
1.9440	0.017366	0.023899	7909.5
1.9460	0.017203	0.024499	7852.2
1.9480	0.017043	0.025106	7790.2
1.9500	0.016886	0.025720	7730.5
1.9520	0.016733	0.026341	7674.9
1.9540	0.016585	0.026968	7613.2
1.9560	0.016443	0.027602	7555.9
1.9580	0.016306	0.028243	7501.5
1.9600	0.016177	0.028890	7448.2
1.9620	0.016055	0.029544	7388.5
1.9640	0.015939	0.030203	7341.6
1.9660	0.015830	0.030870	7288.5
1.9680	0.015729	0.031542	7241.8
1.9700	0.015635	0.032220	7200.5
1.9720	0.015548	0.032905	7157.1
1.9740	0.015466	0.033595	7121.2
1.9760	0.015392	0.034291	7086.0
1.9780	0.015324	0.034993	7048.8
1.9800	0.015264	0.035701	7018.2
1.9820	0.015211	0.036414	6990.6
1.9840	0.015167	0.037133	6968.2
1.9860	0.015128	0.037857	6945.9
1.9880	0.015094	0.038587	6928.5
1.9900	0.015066	0.039322	6915.4
1.9920	0.015042	0.040061	6902.9
1.9940	0.015024	0.040806	6894.1
1.9960	0.015014	0.041556	6885.1
1.9980	0.015011	0.042310	6882.9
2.0000	0.015016	0.043070	6881.6
2.0020	0.015029	0.043834	6885.2
2.0040	0.015047	0.044602	6891.7
2.0060	0.015069	0.045375	6903.2
2.0080	0.015094	0.046152	6912.9
2.0100	0.015122	0.046934	6932.3
2.0120	0.015153	0.047719	6948.7
2.0140	0.015187	0.048509	6970.7
2.0160	0.015226	0.049302	6994.1
2.0180	0.015269	0.050100	7015.5
2.0200	0.015318	0.050901	7040.5
2.0220	0.015372	0.051705	7063.4
2.0240	0.015430	0.052513	7087.8
2.0260	0.015492	0.053324	7114.3
2.0280	0.015558	0.054139	7137.4
2.0300	0.015627	0.054957	7162.5
2.0320	0.015697	0.055778	7186.1
2.0340	0.015770	0.056601	7210.2
2.0360	0.015844	0.057428	7232.5
2.0380	0.015919	0.058257	7253.7
2.0400	0.015995	0.059088	7271.8
2.0420	0.016071	0.059922	7291.5
2.0440	0.016146	0.060759	7308.2
2.0460	0.016220	0.061598	7324.8
2.0480	0.016293	0.062438	7341.2
2.0500	0.016364	0.063281	7359.1
2.0520	0.016433	0.064126	7375.8
2.0540	0.016500	0.064972	7389.1
2.0560	0.016566	0.065820	7404.3
2.0580	0.016629	0.066670	7414.4
2.0600	0.016691	0.067521	7425.3
2.0620	0.016749	0.068373	7433.5
2.0640	0.016804	0.069227	7441.0
2.0660	0.016854	0.070081	7447.9
2.0680	0.016901	0.070937	7449.8
2.0700	0.016943	0.071793	7449.7
2.0720	0.016979	0.072650	7449.1
2.0740	0.017009	0.073507	7447.8
2.0760	0.017031	0.074365	7446.1
2.0780	0.017047	0.075224	7444.5
2.0800	0.017054	0.076082	7440.4
2.0820	0.017053	0.076941	7433.8
2.0840	0.017044	0.077800	7426.4
2.0860	0.017026	0.078658	7413.7
2.0880	0.016999	0.079516	7397.9
2.0900	0.016963	0.080374	7381.3
2.0920	0.016920	0.081231	7362.1
2.0940	0.016868	0.082088	7343.4
2.0960	0.016808	0.082944	7324.0
2.0980	0.016740	0.083799	7301.0
2.1000	0.016664	0.084653	7276.9
2.1020	0.016580	0.085507	7248.9
2.1040	0.016489	0.086358	7216.3
2.1060	0.016390	0.087209	7182.0
2.1080	0.016284	0.088058	7144.3
2.1100	0.016171	0.088906	7103.7
2.1120	0.016053	0.089752	7062.2
2.1140	0.015928	0.090596	7019.9
2.1160	0.015796	0.091438	6974.1
2.1180	0.015659	0.092278	6927.3
2.1200	0.015516	0.093116	6877.8
2.1220	0.015369	0.093952	6825.3
2.1240	0.015218	0.094785	6771.2
2.1260	0.015063	0.095616	6711.6
2.1280	0.014904	0.096444	6649.4
2.1300	0.014742	0.097269	6585.5
2.1320	0.014576	0.098093	6520.5
2.1340	0.014408	0.098912	6456.5
2.1360	0.014239	0.099728	6392.2
2.1380	0.014068	0.10054	6327.6
2.1400	0.013895	0.10135	6263.2
2.1420	0.013723	0.10216	6199.5
2.1440	0.013550	0.10296	6136.2
2.1460	0.013378	0.10376	6073.1
2.1480	0.013205	0.10456	6010.4
2.1500	0.013032	0.10535	5947.8
2.1520	0.012862	0.10614	5886.7
2.1540	0.012694	0.10692	5825.7
2.1560	0.012528	0.10770	5763.9
2.1580	0.012364	0.10848	5700.9
2.1600	0.012204	0.10925	5638.2
2.1620	0.012048	0.11002	5578.3
2.1640	0.011896	0.11078	5519.4
2.1660	0.011748	0.11154	5461.5
2.1680	0.011605	0.11229	5404.5
2.1700	0.011473	0.11304	5350.9
2.1720	0.011346	0.11378	5298.5
2.1740	0.011227	0.11452	5247.5
2.1760	0.011113	0.11525	5198.2
2.1780	0.011009	0.11598	5152.3
2.1800	0.010912	0.11670	5109.4
2.1820	0.010821	0.11741	5069.0
2.1840	0.010735	0.11812	5031.1
2.1860	0.010656	0.11883	4995.7
2.1880	0.010587	0.11953	4963.5
2.1900	0.010525	0.12022	4934.0
2.1920	0.010470	0.12091	4907.5
2.1940	0.010422	0.12159	4884.2
2.1960	0.010385	0.12227	4864.8
2.1980	0.010357	0.12293	4849.0
2.2000	0.010337	0.12360	4836.8
2.2020	0.010325	0.12425	4827.8
2.2040	0.010323	0.12490	4821.8
2.2060	0.010332	0.12554	4818.8
2.2080	0.010350	0.12618	4819.3
2.2100	0.010375	0.12681	4823.4
2.2120	0.010408	0.12743	4831.4
2.2140	0.010450	0.12805	4843.1
2.2160	0.010499	0.12866	4858.3
2.2180	0.010553	0.12926	4876.8
2.2200	0.010611	0.12985	4898.2
2.2220	0.010674	0.13044	4922.1
2.2240	0.010745	0.13102	4948.6
2.2260	0.010818	0.13159	4978.1
2.2280	0.010895	0.13215	5010.3
2.2300	0.010975	0.13271	5044.9
2.2320	0.011061	0.13326	5080.7
2.2340	0.011149	0.13380	5116.4
2.2360	0.011240	0.13433	5152.1
2.2380	0.011333	0.13486	5187.9
2.2400	0.011429	0.13538	5224.1
2.2420	0.011529	0.13589	5260.7
2.2440	0.011630	0.13639	5297.5
2.2460	0.011731	0.13688	5334.5
2.2480	0.011832	0.13737	5372.0
2.2500	0.011934	0.13784	5410.3
2.2520	0.012036	0.13831	5448.3
2.2540	0.012136	0.13877	5485.5
2.2560	0.012233	0.13922	5521.7
2.2580	0.012328	0.13967	5556.8
2.2600	0.012422	0.14010	5589.8
2.2620	0.012512	0.14053	5620.5
2.2640	0.012598	0.14094	5648.6
2.2660	0.012681	0.14135	5674.2
2.2680	0.012762	0.14175	5696.6
2.2700	0.012838	0.14214	5716.7
2.2720	0.012911	0.14252	5734.8
2.2740	0.012979	0.14290	5751.0
2.2760	0.013043	0.14326	5765.0
2.2780	0.013103	0.14361	5775.8
2.2800	0.013157	0.14396	5783.7
2.2820	0.013205	0.14429	5788.6
2.2840	0.013247	0.14462	5791.0
2.2860	0.013283	0.14494	5789.9
2.2880	0.013313	0.14525	5786.5
2.2900	0.013335	0.14555	5781.4
2.2920	0.013350	0.14584	5775.4
2.2940	0.013358	0.14612	5769.2
2.2960	0.013358	0.14638	5762.4
2.2980	0.013350	0.14665	5754.8
2.3000	0.013334	0.14690	5746.0
2.3020	0.013309	0.14714	5736.0
2.3040	0.013276	0.14737	5723.7
2.3060	0.013234	0.14759	5709.3
2.3080	0.013185	0.14781	5693.2
2.3100	0.013128	0.14801	5675.3
2.3120	0.013064	0.14820	5656.0
2.3140	0.012994	0.14839	5635.6
2.3160	0.012918	0.14856	5614.4
2.3180	0.012835	0.14872	5592.0
2.3200	0.012747	0.14888	5567.7
2.3220	0.012656	0.14902	5540.2
2.3240	0.012559	0.14916	5510.1
2.3260	0.012458	0.14928	5477.9
2.3280	0.012352	0.14940	5443.8
2.3300	0.012243	0.14950	5408.4
2.3320	0.012131	0.14960	5372.8
2.3340	0.012015	0.14968	5337.1
2.3360	0.011895	0.14976	5301.7
2.3380	0.011774	0.14982	5266.5
2.3400	0.011652	0.14988	5231.2
2.3420	0.011529	0.14992	5195.1
2.3440	0.011405	0.14996	5157.8
2.3460	0.011280	0.14998	5118.8
2.3480	0.011158	0.15000	5077.5
2.3500	0.011037	0.15000	5035.2
2.3520	0.010916	0.15000	4992.3
2.3540	0.010795	0.14998	4949.4
2.3560	0.010676	0.14996	4906.8
2.3580	0.010560	0.14992	4865.7
2.3600	0.010445	0.14987	4825.9
2.3620	0.010331	0.14982	4787.0
2.3640	0.010218	0.14976	4748.3
2.3660	0.010110	0.14968	4708.4
2.3680	0.010005	0.14960	4667.7
2.3700	0.0099021	0.14950	4626.6
2.3720	0.0098024	0.14940	4585.5
2.3740	0.0097084	0.14928	4544.6
2.3760	0.0096220	0.14916	4505.4
2.3780	0.0095403	0.14902	4468.8
2.3800	0.0094637	0.14888	4435.3
2.3820	0.0093924	0.14873	4405.4
2.3840	0.0093327	0.14856	4380.3
2.3860	0.0092791	0.14839	4358.4
2.3880	0.0092317	0.14820	4339.6
2.3900	0.0091906	0.14801	4324.0
2.3920	0.0091590	0.14781	4312.2
2.3940	0.0091366	0.14759	4304.5
2.3960	0.0091201	0.14737	4299.8
2.3980	0.0091095	0.14714	4297.9
2.4000	0.0091050	0.14690	4298.4
2.4020	0.0091125	0.14665	4302.2
2.4040	0.0091265	0.14638	4308.7
2.4060	0.0091475	0.14611	4318.3
2.4080	0.0091759	0.14584	4330.9
2.4100	0.0092165	0.14555	4347.2
2.4120	0.0092683	0.14525	4367.0
2.4140	0.0093281	0.14494	4389.6
2.4160	0.0093958	0.14462	4415.1
2.4180	0.0094715	0.14430	4443.2
2.4200	0.0095599	0.14396	4474.3
2.4220	0.0096547	0.14361	4507.5
2.4240	0.0097555	0.14326	4543.0
2.4260	0.0098618	0.14290	4580.7
2.4280	0.0099767	0.14252	4621.1
2.4300	0.010097	0.14214	4663.8
2.4320	0.010221	0.14175	4708.8
2.4340	0.010347	0.14135	4756.5
2.4360	0.010476	0.14095	4807.1
2.4380	0.010610	0.14053	4860.9
2.4400	0.010746	0.14010	4916.4
2.4420	0.010884	0.13967	4972.9
2.4440	0.011022	0.13923	5030.2
2.4460	0.011165	0.13877	5087.8
2.4480	0.011310	0.13831	5145.6
2.4500	0.011456	0.13784	5203.4
2.4520	0.011603	0.13737	5261.3
2.4540	0.011753	0.13688	5319.5
2.4560	0.011908	0.13639	5378.8
2.4580	0.012062	0.13589	5439.3
2.4600	0.012217	0.13538	5500.7
2.4620	0.012371	0.13486	5562.7
2.4640	0.012525	0.13434	5624.5
2.4660	0.012677	0.13380	5685.6
2.4680	0.012827	0.13326	5745.7
2.4700	0.012973	0.13271	5804.8
2.4720	0.013116	0.13215	5862.2
2.4740	0.013257	0.13159	5917.0
2.4760	0.013394	0.13102	5969.4
2.4780	0.013527	0.13044	6019.2
2.4800	0.013655	0.12985	6066.3
2.4820	0.013779	0.12926	6110.1
2.4840	0.013897	0.12866	6151.0
2.4860	0.014010	0.12805	6189.2
2.4880	0.014116	0.12743	6224.8
2.4900	0.014216	0.12681	6257.6
2.4920	0.014308	0.12618	6287.7
2.4940	0.014394	0.12554	6315.5
2.4960	0.014471	0.12490	6341.2
2.4980	0.014541	0.12425	6364.0
2.5000	0.014602	0.12360	6382.4
2.5020	0.014656	0.12293	6397.5
2.5040	0.014702	0.12227	6409.6
2.5060	0.014740	0.12159	6418.9
2.5080	0.014771	0.12091	6425.3
2.5100	0.014792	0.12022	6429.0
2.5120	0.014806	0.11953	6430.8
2.5140	0.014812	0.11883	6431.0
2.5160	0.014810	0.11813	6429.7
2.5180	0.014800	0.11741	6426.0
2.5200	0.014782	0.11670	6420.5
2.5220	0.014757	0.11598	6413.1
2.5240	0.014725	0.11525	6403.9
2.5260	0.014686	0.11452	6392.5
2.5280	0.014639	0.11378	6379.3
2.5300	0.014587	0.11304	6364.8
2.5320	0.014528	0.11229	6349.1
2.5340	0.014463	0.11154	6332.4
2.5360	0.014393	0.11078	6314.7
2.5380	0.014318	0.11002	6296.6
2.5400	0.014239	0.10925	6278.5
2.5420	0.014156	0.10848	6260.3
2.5440	0.014070	0.10770	6242.3
2.5460	0.013982	0.10692	6224.5
2.5480	0.013891	0.10614	6207.0
2.5500	0.013799	0.10535	6190.0
2.5520	0.013706	0.10456	6173.5
2.5540	0.013614	0.10376	6157.1
2.5560	0.013523	0.10296	6140.5
2.5580	0.013434	0.10216	6123.3
2.5600	0.013346	0.10135	6105.2
2.5620	0.013263	0.10054	6085.7
2.5640	0.013183	0.099728	6065.1
2.5660	0.013106	0.098912	6043.8
2.5680	0.013032	0.098092	6022.1
2.5700	0.012963	0.097270	6000.4
2.5720	0.012900	0.096444	5979.8
2.5740	0.012841	0.095616	5960.8
2.5760	0.012786	0.094785	5943.9
2.5780	0.012736	0.093952	5929.2
2.5800	0.012694	0.093116	5917.4
2.5820	0.012658	0.092278	5907.3
2.5840	0.012628	0.091438	5898.4
2.5860	0.012604	0.090596	5890.4
2.5880	0.012587	0.089752	5883.2
2.5900	0.012578	0.088906	5877.2
2.5920	0.012575	0.088058	5872.4
2.5940	0.012577	0.087209	5869.3
2.5960	0.012585	0.086359	5868.0
2.5980	0.012601	0.085507	5870.1
2.6000	0.012622	0.084653	5875.2
2.6020	0.012648	0.083799	5883.4
2.6040	0.012680	0.082944	5894.7
2.6060	0.012719	0.082088	5909.2
2.6080	0.012765	0.081231	5926.8
2.6100	0.012816	0.080374	5946.5
2.6120	0.012874	0.079516	5968.4
2.6140	0.012938	0.078658	5992.4
2.6160	0.013010	0.077800	6019.1
2.6180	0.013088	0.076941	6047.6
2.6200	0.013172	0.076082	6078.1
2.6220	0.013262	0.075224	6110.7
2.6240	0.013358	0.074365	6146.1
2.6260	0.013461	0.073507	6185.0
2.6280	0.013569	0.072650	6226.6
2.6300	0.013684	0.071793	6271.2
2.6320	0.013804	0.070937	6318.8
2.6340	0.013931	0.070081	6370.9
2.6360	0.014063	0.069227	6426.3
2.6380	0.014201	0.068373	6484.7
2.6400	0.014344	0.067521	6545.9
2.6420	0.014492	0.066670	6609.8
2.6440	0.014645	0.065820	6675.6
2.6460	0.014801	0.064972	6742.4
2.6480	0.014961	0.064126	6809.8
2.6500	0.015124	0.063281	6877.4
2.6520	0.015290	0.062438	6945.0
2.6540	0.015459	0.061598	7012.7
2.6560	0.015629	0.060759	7080.7
2.6580	0.015801	0.059922	7148.8
2.6600	0.015972	0.059089	7215.3
2.6620	0.016145	0.058255	7281.8
2.6640	0.016318	0.057426	7349.3
2.6660	0.016489	0.056601	7417.5
2.6680	0.016664	0.055776	7485.7
2.6700	0.016832	0.054957	7552.0
2.6720	0.017002	0.054138	7618.1
2.6740	0.017170	0.053323	7681.7
2.6760	0.017332	0.052513	7740.8
2.6780	0.017497	0.051704	7799.9
2.6800	0.017651	0.050901	7859.7
2.6820	0.017805	0.050099	7919.8
2.6840	0.017953	0.049302	7975.4
2.6860	0.018092	0.048509	8026.2
2.6880	0.018227	0.047719	8076.4
2.6900	0.018352	0.046934	8125.9
2.6920	0.018473	0.046151	8173.3
2.6940	0.018581	0.045375	8216.2
2.6960	0.018688	0.044601	8258.1
2.6980	0.018781	0.043834	8296.5
2.7000	0.018875	0.043068	8333.9
2.7020	0.018952	0.042311	8363.3
2.7040	0.019034	0.041554	8392.7
2.7060	0.019097	0.040806	8417.9
2.7080	0.019165	0.040059	8443.2
2.7100	0.019215	0.039322	8461.9
2.7120	0.019268	0.038585	8480.2
2.7140	0.019304	0.037857	8494.3
2.7160	0.019342	0.037131	8507.9
2.7180	0.019363	0.036414	8516.0
2.7200	0.019384	0.035700	8522.6
2.7220	0.019392	0.034993	8524.8
2.7240	0.019396	0.034290	8524.9
2.7260	0.019390	0.033595	8520.8
2.7280	0.019378	0.032904	8513.9
2.7300	0.019357	0.032220	8503.6
2.7320	0.019328	0.031541	8490.2
2.7340	0.019293	0.030868	8474.2
2.7360	0.019246	0.030203	8454.5
2.7380	0.019196	0.029542	8433.7
2.7400	0.019132	0.028890	8410.5
2.7420	0.019067	0.028241	8386.5
2.7440	0.018987	0.027602	8360.0
2.7460	0.018909	0.026966	8332.9
2.7480	0.018815	0.026341	8302.6
2.7500	0.018726	0.025717	8272.2
2.7520	0.018620	0.025106	8240.5
2.7540	0.018521	0.024496	8208.9
2.7560	0.018408	0.023899	8178.3
2.7580	0.018302	0.023303	8147.7
2.7600	0.018185	0.022720	8118.7
2.7620	0.018073	0.022139	8089.9
2.7640	0.017956	0.021569	8061.5
2.7660	0.017842	0.021003	8033.2
2.7680	0.017726	0.020447	8003.9
2.7700	0.017613	0.019896	7974.2
2.7720	0.017499	0.019355	7943.7
2.7740	0.017389	0.018819	7912.7
2.7760	0.017281	0.018292	7882.0
2.7780	0.017175	0.017772	7851.6
2.7800	0.017074	0.017259	7822.4
2.7820	0.016976	0.016755	7794.6
2.7840	0.016884	0.016256	7767.9
2.7860	0.016795	0.015768	7743.1
2.7880	0.016714	0.015285	7719.2
2.7900	0.016637	0.014813	7697.3
2.7920	0.016568	0.014344	7676.0
2.7940	0.016504	0.013889	7657.2
2.7960	0.016447	0.013435	7638.6
2.7980	0.016396	0.012996	7621.9
2.8000	0.016353	0.012557	7605.2
2.8020	0.016315	0.012134	7590.5
2.8040	0.016286	0.011712	7575.9
2.8060	0.016263	0.011305	7564.9
2.8080	0.016248	0.010899	7554.3
2.8100	0.016242	0.010507	7548.1
2.8120	0.016244	0.010118	7542.8
2.8140	0.016255	0.0097412	7540.7
2.8160	0.016273	0.0093687	7539.6
2.8180	0.016299	0.0090073	7540.3
2.8200	0.016332	0.0086515	7541.8
2.8220	0.016372	0.0083053	7544.9
2.8240	0.016419	0.0084513	7549.2
2.8260	0.016471	0.0088343	7555.9
2.8280	0.016528	0.0092148	7565.2
2.8300	0.016591	0.0095926	7577.2
2.8320	0.016658	0.0099663	7593.4
2.8340	0.016729	0.010337	7611.6
2.8360	0.016803	0.010703	7634.2
2.8380	0.016883	0.011066	7657.7
2.8400	0.016963	0.011421	7684.5
2.8420	0.017049	0.011775	7711.9
2.8440	0.017132	0.012118	7742.1
2.8460	0.017223	0.012462	7772.5
2.8480	0.017308	0.012792	7805.3
2.8500	0.017402	0.013122	7838.1
2.8520	0.017488	0.013439	7872.7
2.8540	0.017582	0.013755	7907.5
2.8560	0.017670	0.014057	7943.6
2.8580	0.017763	0.014358	7980.0
2.8600	0.017851	0.014646	8016.6
2.8620	0.017943	0.014930	8053.3
2.8640	0.018030	0.015203	8089.2
2.8660	0.018120	0.015471	8124.7
2.8680	0.018206	0.015729	8158.8
2.8700	0.018292	0.015980	8192.1
2.8720	0.018376	0.016221	8223.7
2.8740	0.018457	0.016452	8254.0
2.8760	0.018535	0.016675	8282.8
2.8780	0.018609	0.016887	8309.8
2.8800	0.018682	0.017091	8335.5
2.8820	0.018748	0.017281	8359.0
2.8840	0.018814	0.017466	8381.3
2.8860	0.018870	0.017635	8400.6
2.8880	0.018929	0.017800	8419.1
2.8900	0.018975	0.017946	8433.8
2.8920	0.019025	0.018091	8448.2
2.8940	0.019060	0.018215	8458.1
2.8960	0.019101	0.018339	8467.9
2.8980	0.019123	0.018439	8472.0
2.9000	0.019151	0.018540	8476.0
2.9020	0.019161	0.018618	8473.6
2.9040	0.019175	0.018694	8470.5
2.9060	0.019172	0.018749	8461.0
2.9080	0.019169	0.018799	8450.2
2.9100	0.019152	0.018831	8433.6
2.9120	0.019132	0.018855	8414.9
2.9140	0.019099	0.018863	8391.4
2.9160	0.019061	0.018861	8365.1
2.9180	0.019012	0.018844	8335.1
2.9200	0.018953	0.018814	8302.1
2.9220	0.018886	0.018772	8266.4
2.9240	0.018807	0.018715	8227.7
2.9260	0.018720	0.018648	8186.7
2.9280	0.018620	0.018564	8142.1
2.9300	0.018514	0.018472	8095.3
2.9320	0.018393	0.018362	8043.3
2.9340	0.018269	0.018247	7989.4
2.9360	0.018128	0.018113	7928.8
2.9380	0.017987	0.017977	7867.1
2.9400	0.017828	0.017823	7798.3
2.9420	0.017670	0.017668	7729.3
2.9440	0.017494	0.017493	7654.0
2.9460	0.017319	0.017319	7578.7
2.9480	0.017127	0.017127	7498.9
2.9500	0.016934	0.016934	7418.8
2.9520	0.016727	0.016727	7335.4
2.9540	0.016518	0.016518	7251.4
2.9560	0.016298	0.016298	7165.8
2.9580	0.016075	0.016075	7079.6
2.9600	0.015846	0.015846	6993.4
2.9620	0.015615	0.015615	6907.0
2.9640	0.015380	0.015380	6820.4
2.9660	0.015144	0.015144	6733.6
2.9680	0.014907	0.014907	6647.6
2.9700	0.014669	0.014669	6562.3
2.9720	0.014433	0.014433	6478.4
2.9740	0.014197	0.014197	6396.4
2.9760	0.013963	0.013963	6315.7
2.9780	0.013733	0.013733	6238.0
2.9800	0.013505	0.013505	6161.4
2.9820	0.013284	0.013284	6088.6
2.9840	0.013064	0.013064	6016.7
2.9860	0.012855	0.012855	5950.0
2.9880	0.012647	0.012647	5883.7
2.9900	0.012454	0.012454	5824.3
2.9920	0.012260	0.012260	5764.9
2.9940	0.012085	0.012085	5713.7
2.9960	0.011910	0.011910	5662.7
2.9980	0.011754	0.011754	5619.6
3.0000	0.011601	0.011601	5577.5
3.0000	0.011601	0.011601	5577.5
3.0250	0.010962	0.010962	5434.8
3.0500	0.012830	0.012830	5981.5
3.0750	0.015905	0.015905	6999.5
3.1000	0.018303	0.018303	7930.7
3.1250	0.018893	0.018893	8199.8
3.1500	0.017453	0.017453	7651.9
3.1750	0.014769	0.014769	6633.2
3.2000	0.012214	0.012214	5726.8
3.2250	0.011074	0.011074	5420.7
3.2500	0.012081	0.012081	5812.1
3.2750	0.014856	0.014856	6674.0
3.3000	0.017840	0.017840	7684.2
3.3250	0.019042	0.019042	8234.0
3.3500	0.018069	0.018069	7905.8
3.3750	0.015506	0.015506	6927.8
3.4000	0.012699	0.012699	5896.8
3.4250	0.011186	0.011186	5406.3
3.4500	0.011748	0.011748	5663.3
3.4750	0.014029	0.014029	6467.1
3.5000	0.017000	0.017000	7414.6
3.5250	0.018895	0.018895	8076.3
3.5500	0.018591	0.018591	8101.0
3.5750	0.016372	0.016372	7301.6
3.6000	0.013402	0.013402	6139.4
3.6250	0.011320	0.011320	5421.1
3.6500	0.011325	0.011325	5500.0
3.6750	0.013377	0.013377	6230.1
3.7000	0.016284	0.016284	7221.3
3.7250	0.018528	0.018528	7947.2
3.7500	0.018846	0.018846	8102.2
3.7750	0.017071	0.017071	7559.9
3.8000	0.014249	0.014249	6534.0
3.8250	0.011828	0.011828	5562.9
3.8500	0.011021	0.011021	5325.5
3.8750	0.012551	0.012551	5974.9
3.9000	0.015524	0.015524	6977.5
3.9250	0.018164	0.018164	7830.6
3.9500	0.019016	0.019016	8149.8
3.9750	0.017656	0.017656	7708.2
4.0000	0.014954	0.014954	6823.3